latitude,longitude,Price
22.20185768427413,114.13021995412663,4250000.0
22.205989543444474,114.02861393710066,7581666.666666667
22.206017203724954,114.02853296791602,19872777.777777776
22.206523818667538,114.21252344177722,85000000.0
22.21037445227168,114.02928239387893,26300000.0
22.21076245056966,114.02889129427678,54437500.0
22.210794511349306,114.0288810683549,10003421.05263158
22.216511900000057,114.20592190000002,8700000.0
22.21662710000004,114.20604690000005,7100000.0
22.217347187184487,114.2066464098391,26000000.0
22.218494181354345,114.20585643996719,50000000.0
22.218916400679525,114.20348183866376,380000000.0
22.218955036647557,114.20358034120191,14666666.666666666
22.21924341069749,114.20369051174956,7056666.666666667
22.219354206480887,114.20625848442887,80000000.0
22.219426225742723,114.20423647307791,9282142.857142856
22.219924260553285,114.20844847939043,4280000.0
22.220213673303313,114.20289665755011,9100000.0
22.22033965504744,114.20252325674636,6550000.0
22.223559252768098,114.21339341536748,24500000.0
22.225379735336347,114.21613245001816,168000000.0
22.227652213647843,114.20096945220087,27900000.0
22.228941220333923,114.21736143579301,13912500.0
22.229334213762627,114.1991054774245,50000000.0
22.22965922194419,114.2185514621192,35000000.0
22.231249828166604,114.22898049006844,85500000.0
22.231658255211528,114.22939146552744,92500000.0
22.23276989172807,114.19964013351108,346000000.0
22.234334500000045,114.18461710000008,5400000.0
22.23478270000004,114.19978380000009,6800000.0
22.235378900000057,113.87084510000011,11500000.0
22.23746022630428,114.22637043754469,57500000.0
22.237596886197238,114.19867782974029,11860000.0
22.237598537502198,114.19868140679894,19800000.0
22.237600188807157,114.19868498385759,27480000.0
22.237601840112116,114.19868856091624,23433333.333333332
22.237809289840797,114.19365182909657,8417777.555555556
22.23781512688744,114.1920137750879,110000000.0
22.237992215238307,114.19849747021419,46000000.0
22.238204221701025,114.20003869325397,8680000.0
22.23911222331003,114.1915814210713,43800000.0
22.2391139866035,114.20024698330099,75000000.0
22.240107828863017,114.1882267474142,6500000.0
22.24014323705819,114.15969945916629,29913809.523809522
22.24062725481781,114.18843745164156,148300000.0
22.240749254003518,114.15783849272776,3240000.0
22.24140925166074,114.155936431486,3500000.0
22.241624869518745,114.15570043686574,1800000.0
22.24278625066671,114.15700642237584,6880000.0
22.242905228099232,114.16528445947017,6653333.333333333
22.24306950369646,114.15890085226295,64500000.0
22.24400025008015,114.15904643679221,13498181.818181818
22.24403126419287,114.14503248084532,13431886.79245283
22.24448261292957,114.14741712313807,8925000.0
22.24474425778493,114.1661774107165,6580000.0
22.245909234020132,114.16385342926776,48216666.666666664
22.246028930994697,114.16366450216793,17000000.0
22.246136000000035,114.19167770000001,3900000.0
22.246268000000043,114.19149180000011,6500000.0
22.24629970837678,114.19146207822087,43400000.0
22.247426414922636,114.15884187537955,10193333.333333334
22.24800624864372,114.15937648199213,7500000.0
22.248158600000068,114.15591890000007,7670000.0
22.248163592185904,114.18337060799047,228000000.0
22.248202065121475,114.17694135297882,170000000.0
22.248268162477927,114.16414770625039,8800000.0
22.248302189719595,114.15255247018376,5980000.0
22.248364265181085,114.18085299292598,18250000.0
22.24839722808047,114.16124011419294,4600000.0
22.248410500000034,114.15546000000006,4350000.0
22.248448266250648,114.15655346572919,6020000.0
22.248459219555023,114.16142691678135,15200000.0
22.248465791971338,114.16434112109137,14500000.0
22.248520234512284,114.15413743994588,9780909.090909092
22.248679048310834,114.16135438767965,7467500.0
22.248741615138986,114.1623618959369,12606666.666666666
22.249279177271376,114.1382254540988,7150000.0
22.24940729897908,114.1811312149191,7050000.0
22.249462193936722,114.17908846765386,4680000.0
22.249580093478517,114.14910648370572,8950000.0
22.24959786154777,114.1813362362708,5800000.0
22.249757300000056,114.15556760000004,3650000.0
22.24975803971745,114.1812779820437,9866666.666666666
22.249823711928826,114.1812536745245,8790000.0
22.249966839498732,114.16958394516851,5100000.0
22.249992607277818,114.18118267980458,7013333.333333333
22.250015615602038,114.18125333924837,16042857.142857144
22.25005245406649,114.18136951242639,11607777.777777778
22.250059500000077,114.14923570000008,7990000.0
22.250068925657427,114.16965781906521,5600000.0
22.250075252843118,114.18144033950819,8350000.0
22.250143195214427,114.16986806098602,6200000.0
22.250215205674237,114.13919742763233,2976666.6666666665
22.25031191587928,114.18353858133014,5400000.0
22.250875195073604,114.19282242258282,64000000.0
22.25100230000004,114.17912990000002,5600000.0
22.251006190549845,114.15058642903637,5270000.0
22.252087789705058,114.17456114393406,5947499.95
22.254121921145224,114.13360236446184,45257142.85714286
22.25501060000005,114.15999760000011,3300000.0
22.255077572658223,114.13330047118166,7300000.0
22.255102400000055,114.13260240000011,274000000.0
22.25538569141895,114.13330742816129,7200000.0
22.255467336546253,114.19371818602949,100000000.0
22.25547273209306,114.1395211325572,7600000.0
22.25593462225791,114.1330936896303,5600000.0
22.25616755534716,114.13289914565763,7200000.0
22.256933191097062,114.1320824557663,78750000.0
22.257212171648163,114.19124045522516,8500000.0
22.257502192165646,114.13900046791628,9176000.0
22.257767211129135,114.13729946373246,8270000.0
22.257879200000048,113.97076950000007,19958000.0
22.25801000000007,114.15308000000005,12800000.0
22.258196269282237,114.18926618722696,9700000.0
22.258298277043878,114.13172006333792,8980000.0
22.258351254252375,114.13251245932952,45720000.0
22.25845610828067,114.13176012883508,9900000.0
22.258548937858336,114.13259815151457,47938000.0
22.260581061501366,114.14885939460183,130000000.0
22.26072818189357,114.15081546586907,22500000.0
22.260895294483902,114.14972668773062,21000000.0
22.261782194725356,114.2510164801439,5400000.0
22.261855347203948,114.13071901264169,31226363.59090909
22.262089078077025,114.13383671115969,30473750.0
22.262382527004178,114.17084720645607,7500000.0
22.262441800000033,114.17079720000004,6890000.0
22.262877254706382,114.18968141316384,20940000.0
22.26328566419113,114.14846700133137,10795000.0
22.263397437778792,114.18912903283208,29800000.0
22.263540034214703,114.18427073616613,8000000.0
22.263684205640004,114.23853044175166,4480000.0
22.263879109344636,114.14936730675383,93800000.0
22.263907326591006,114.14848373607478,12461874.9375
22.263916110310177,114.14801990161617,9842307.692307692
22.264045254952578,114.23693043593494,7213333.333333333
22.264135198279575,114.24128345776012,7100000.0
22.264135267279812,114.18877844588121,19280000.0
22.264264002546543,114.18438202141084,19000000.0
22.264312748186562,114.18799008437804,33000000.0
22.26466623821011,114.15100046454154,10593333.333333334
22.264857057376794,114.15132884003125,10000000.0
22.26505446818892,114.1697449861885,7945000.0
22.265172359657086,114.1878849334027,9680000.0
22.265196415719203,114.16968312774304,7532500.0
22.265358102631453,114.16965127651099,7100000.0
22.26557104198926,114.18024497198935,6800000.0
22.26561308012606,114.15255361895663,33000000.0
22.265797314357854,114.17879149046672,5466666.666666667
22.266197100000056,114.18919030000006,32500000.0
22.266243100000054,114.18432690000009,7900000.0
22.26627726306691,114.23405943449757,5980000.0
22.266325130240944,114.15145376518956,7200000.0
22.266370214404844,114.2507664052348,11766800.0
22.266418161926055,114.18912587416781,38000000.0
22.266474194948785,114.1876093364263,19200000.0
22.266689368802844,114.12714625468213,29450000.0
22.26681626011144,114.234363142026,4692000.0
22.266882267904876,114.18486015600377,8550000.0
22.26691918800743,114.19231595244413,5330000.0
22.266981206626042,114.18496746102664,15530000.0
22.26703217824317,114.15986188415434,22600000.0
22.26703850000007,114.22040020000009,51325000.0
22.26704106306053,114.18351025049736,13101250.0
22.267057994504952,114.15931404296276,26800000.0
22.267060089980745,114.18508755703692,5600000.0
22.267097766635516,114.18331319195374,12210000.0
22.267198433292663,114.16682623986475,17050000.0
22.267215513615813,114.18347759867132,30000000.0
22.26725274802523,114.1865141569574,9984736.842105264
22.267375291449653,114.18847099607274,35400000.0
22.267407700000035,114.1817473000001,8000000.0
22.267481240443885,114.23507540719106,11726666.666666666
22.26753433806242,114.18645766292997,8230500.0
22.26756979351285,114.18571033244285,11800000.0
22.26757070000008,114.18727840000008,7300000.0
22.267614594785314,114.18827284788165,110000000.0
22.267630520401354,114.18713274141174,12800000.0
22.267657623085142,114.22086447452807,11900000.0
22.267712076319242,114.18375835483135,8190000.0
22.26776945044648,114.18526449901299,11000000.0
22.26778323867721,114.18809557062951,48000000.0
22.26781993067516,114.13176726462041,9498000.0
22.267842216756208,114.18706247764294,17550000.0
22.26784699334828,114.16997440985848,6000000.0
22.267928832335357,114.18359365043398,12500000.0
22.267990000000054,114.18937000000005,26000000.0
22.267993779991517,114.13207727773622,29400000.0
22.268029300000023,114.18410630000005,17500000.0
22.268042658580484,114.18406161208827,11000000.0
22.268100600000025,114.18142290000003,21800000.0
22.268119240244765,114.15485296614288,24000000.0
22.26812891793177,114.18346871446599,47750000.0
22.268133022123887,114.15487363896156,18000000.0
22.26821696025702,114.18085913834204,19000000.0
22.268218468999592,114.1833741283898,12000000.0
22.268382400000064,114.18418720000011,9100000.0
22.26844310000007,114.18336320000003,15000000.0
22.268493688790358,114.18413453464586,9800000.0
22.268505400000038,114.18624840000007,11000000.0
22.26851218519181,114.15445546010199,63800000.0
22.268616000000065,114.18650160000004,5900000.0
22.26861614839575,114.18596991998419,19500000.0
22.268645568875897,114.18445933339393,8880000.0
22.26868920000004,114.18515720000005,12200000.0
22.26871621493359,114.18334945314439,10000000.0
22.26871908693315,114.19463450303343,35000000.0
22.268730226097972,114.18339743008062,29000000.0
22.268773728175447,114.18636328270026,9000000.0
22.26888302819286,114.1854171334698,7075000.0
22.26909980000005,114.18615180000006,12800000.0
22.269105064807974,114.18481087041312,8500000.0
22.269133179378624,114.12554261433866,11300000.0
22.269141800000057,114.1849903000001,5453333.333333333
22.269216627939244,114.18584092249432,10500000.0
22.269286030097533,114.18410695818443,7200000.0
22.269338186194716,114.23332343082188,5276000.0
22.269379943157475,114.18357337286818,7860000.0
22.269391178689265,114.18080004592463,8000000.0
22.269485700000075,114.18455490000008,8100000.0
22.269525000000044,114.18387510000002,6900000.0
22.26953290000006,114.18469110000001,9300000.0
22.269571727267262,114.1835288583224,7500000.0
22.26957290000007,114.18352330000005,5750000.0
22.269607937088992,114.18416370366896,6100000.0
22.269707235536373,114.12668643214931,20000000.0
22.269725400000027,114.18447560000004,13500000.0
22.269791571742225,114.19290302036943,52900000.0
22.269882025322815,114.12962408462988,13000000.0
22.269950294157237,114.23831628173322,6100000.0
22.269984494089144,114.15720322828611,7500000.0
22.26998734932659,114.12549820493793,45000000.0
22.269997863224702,114.18515151095818,18900000.0
22.270202454086075,114.18522463609581,25800000.0
22.270316165997798,114.18535561030046,16000000.0
22.270734100000027,114.185156,25000000.0
22.270752229335358,114.17768340454586,28000000.0
22.27091726393536,114.18705740762448,48793333.333333336
22.271054243433355,114.18570946372415,43000000.0
22.2711414362297,114.13005336983296,19000000.0
22.271381631619946,114.18499393117844,6050000.0
22.271444236851153,114.17001043565119,13831666.666666666
22.271690246745493,114.177077478343,24000000.0
22.271807893305933,114.17793041755351,90000000.0
22.27184520000003,114.17765900000006,24000000.0
22.271983300000045,114.19241650000004,23000000.0
22.271987056486296,114.17746438373695,14790000.0
22.27206383471939,114.17727277343033,23900000.0
22.272143500000027,114.18644390000009,110000000.0
22.272170326799227,114.17619234611101,80000000.0
22.272850937337083,114.24049797199689,7140000.0
22.273014719725126,114.15454851191237,64000000.0
22.27321622067747,114.24041826009773,8526666.666666666
22.273248188409298,114.18476545429223,69000000.0
22.27333726573312,114.15543040964644,99000000.0
22.27336580000008,114.17425880000008,8000000.0
22.273376600000063,114.18412250000006,13000000.0
22.273483179263565,114.18610246815285,34900000.0
22.27349341021548,114.18406706032533,20500000.0
22.273579204344657,114.12560334736153,22000000.0
22.273693200000025,114.18394850000004,25000000.0
22.273821100000077,114.19306240000003,12800000.0
22.274004209157738,114.15363143710636,78500000.0
22.27401210000005,114.17253660000006,13000000.0
22.27404930000006,114.19318020000003,12380000.0
22.274151241692266,114.19395144268731,13266666.666666666
22.27425176290528,114.19382250597414,4750000.0
22.2742638311965,114.18633377283872,46000000.0
22.274304182248272,114.23166641579792,20501818.181818184
22.2743741835028,114.14827041561671,22450000.0
22.27442310454979,114.15799569743443,148000000.0
22.274508503841243,114.1581881822731,65000000.0
22.274624675836076,114.1281632200967,9650000.0
22.274710221724433,114.19554344747496,22796000.0
22.274719601255736,114.17399345084375,25500000.0
22.27476390000004,114.19273880000003,21800000.0
22.274778759670305,114.12844995609255,6200000.0
22.274784684309168,114.15779515828837,21000000.0
22.274810081475792,114.19499161382902,20500000.0
22.274885220360602,114.17371947013521,13662500.0
22.275007252804244,114.19509348083909,54900000.0
22.275021700000025,114.23117260000004,6165000.0
22.275144300000022,114.17235590000007,5000000.0
22.27516128383358,114.15788697695811,30000000.0
22.275161904366485,114.18528425817829,14000000.0
22.275193176360432,114.15651364911184,4975000.0
22.275211427368298,114.12903323025037,8000000.0
22.27523080000003,114.19345410000005,24800000.0
22.275254867167803,114.1559829070028,6090000.0
22.27528821282567,114.1522104399404,41933333.333333336
22.27529044384812,114.12866708397826,18430000.0
22.275355246069353,114.17311304593056,13900000.0
22.275383181170923,114.15293248056537,71000000.0
22.275433000000078,114.17166850000001,5800000.0
22.275433262517783,114.15934615285317,12583333.333333334
22.27544880000005,114.19331090000003,24000000.0
22.275517200000024,114.1739229000001,4700000.0
22.27557078109848,114.16784950260438,17500000.0
22.27558265089607,114.17243187345423,17540869.56521739
22.27561318700708,114.1286434282639,12293333.333333334
22.27569935949319,114.16743711296817,30000000.0
22.275719800000047,114.17312680000009,5250000.0
22.27576780000004,114.17443050000008,4980000.0
22.275812246730766,114.16933645720098,7080000.0
22.275917700000036,114.16810080000005,8600000.0
22.27593980000006,114.18556640000008,17500000.0
22.27598020000005,114.1711941000001,6900000.0
22.275990085804835,114.2306582882212,7300000.0
22.27601120945411,114.16782243469686,7740000.0
22.276056239617787,114.18431744966347,76657142.85714285
22.276071138808533,114.19185770405079,45000000.0
22.276131195144785,114.15996095824983,39300000.0
22.276138064896355,114.16923740035622,4475000.0
22.276159349732016,114.16821545919119,120000000.0
22.27616590399677,114.1691971876021,5600000.0
22.276178900000048,114.17115880000006,7150000.0
22.2762008906697,114.16804890808095,12500000.0
22.276237477677057,114.17111718755734,7980000.0
22.276307639563143,114.23917287027305,8009999.666666667
22.276312663348534,114.16771874491485,25857142.85714286
22.27631823447741,114.19327940124144,22000000.0
22.27638097585941,114.1547856359532,5491000.0
22.27639922286471,114.16753144263896,27000000.0
22.276407211216352,114.19308137809537,26800000.0
22.27648853012642,114.17315774748431,12000000.0
22.276499227816963,114.17284828168607,8990000.0
22.2764992970444,114.17284897425068,8040000.0
22.276499366271835,114.17284966681531,13000000.0
22.276538298264356,114.17316273159702,6990000.0
22.276587841229784,114.16849331658727,9500000.0
22.276611209747916,114.1685174958715,4039999.5
22.276650249777276,114.19538348089338,20132500.0
22.276703562696063,114.17810323332478,13700000.0
22.276830000000075,114.17612000000008,13431350.89538715
22.276882200000045,114.19333260000008,25000000.0
22.276900832216285,114.16585438628482,10916666.666666666
22.276913199555494,114.16585070277556,40000000.0
22.276949040863542,114.22864411181047,11396000.0
22.276992000000064,114.17724980000003,6080000.0
22.27700887411708,114.16605024812802,14500000.0
22.277020131391843,114.16604274677286,17216666.666666668
22.277070204303982,114.2293574474038,5300000.0
22.277154300000063,114.17526770000006,4500000.0
22.277275700000075,114.16963620000001,6100000.0
22.277353900000037,114.17986770000005,4530000.0
22.27739440000005,114.17053510000005,5500000.0
22.27751025790377,114.19293343898642,15596250.0
22.277530800000022,114.17813400000011,13800000.0
22.277535712312122,114.22899236861879,5480000.0
22.277550000000076,114.17392000000007,6900000.0
22.27764623839812,114.17752547597172,6500000.0
22.277681187525218,114.22646640589358,6335000.0
22.27770925462721,114.18998345226191,63945000.0
22.277788260914463,114.23960142864519,10870769.23076923
22.277793100000054,114.19257420000008,4099999.0
22.27781830461595,114.1525640963356,26066666.666666668
22.277830300000062,114.22664510000004,3850000.0
22.27784922013609,114.17131944941002,7040000.0
22.278036150279476,114.1693290761529,6500000.0
22.27804334097069,114.18652296523881,16250000.0
22.278070700000058,114.19159950000005,7000000.0
22.278078897985665,114.168893720102,6980000.0
22.278079033921635,114.18648232650467,10900000.0
22.27811455762732,114.18662176218226,9000000.0
22.278115199103013,114.1501144753206,43000000.0
22.278117500000064,114.17573430000004,5800000.0
22.27813835292795,114.18659466969282,19980000.0
22.27816214822858,114.1865675772034,11533333.333333334
22.278236198542913,114.22596142805776,5740000.0
22.278271219670216,114.15123641539935,30500000.0
22.278331067542695,114.17266566034994,7380000.0
22.278426300000035,114.17222420000007,5200000.0
22.278454700000054,114.17245730000002,6700000.0
22.278461489956115,114.1609444069494,11500000.0
22.27846509417448,114.16054811056728,9916250.0
22.27851532788481,114.15994153728398,19675000.0
22.278550000000052,114.19091000000003,4580000.0
22.278584224808128,114.17352245141899,7170000.0
22.278592157908587,114.17309877233937,10000000.0
22.278659600000026,114.17435880000005,5400000.0
22.2786612141208,114.19137987721277,11425000.0
22.278710137829247,114.19149276775916,19000000.0
22.278756000000044,114.15137360000006,4000000.0
22.27877280000007,114.18092410000008,5000000.0
22.278782081075192,114.16023300048334,6650588.196078432
22.278802400000075,114.17579010000009,3900000.0
22.278829036410357,114.15109600599442,28800000.0
22.278843300000062,114.17291340000008,6400000.0
22.27886600000005,114.15180250000003,14000000.0
22.27888925591708,114.14994044868797,15075000.0
22.278894239935198,114.22904742327671,9190000.0
22.278951326484272,114.15448774195299,9100000.0
22.27899667447386,114.12925821455627,5350000.0
22.279058331055438,114.19245124527527,10800000.0
22.279086203633028,114.17730443816811,5850000.0
22.279089674053342,114.14983603016528,12300000.0
22.279155762996126,114.15129197489063,50000000.0
22.279160247314337,114.1292603938511,5080000.0
22.27923100000004,114.15104300000007,32000000.0
22.279242225200278,114.15330647892495,20300000.0
22.279261500000075,114.1815497,3800000.0
22.279420308814107,114.17138645263032,7340000.0
22.279424237861974,114.22468541941885,5927500.0
22.279436199905433,114.13176646161753,34500000.0
22.279452700000036,114.18853960000001,6800000.0
22.27947622405094,114.150590442051,16491666.666666666
22.27954419429807,114.23034844900644,5800000.0
22.279556300000024,114.19265200000007,4099999.0
22.279630345991364,114.15005144260883,13150000.0
22.279630765449085,114.22409886225319,5180000.0
22.279654400000027,114.1293581000001,5950000.0
22.27967325576725,114.18687048094489,7410000.0
22.279691300000025,114.1518089000001,12900000.0
22.279757256072628,114.15275342791438,26720000.0
22.279846400000054,114.18180210000003,5800000.0
22.279891199559586,114.14928041928852,36300000.0
22.279893600000037,114.17879190000008,12500000.0
22.280060700000035,114.15467420000004,13800000.0
22.280065900000068,114.1823859000001,6800000.0
22.280097900000044,114.19294950000005,16800000.0
22.28017416423195,114.1708117510056,11148333.333333334
22.280279860030987,114.16999568891248,16740000.0
22.28030039569377,114.15008783068049,15400000.0
22.280356241250217,114.12882640592909,9203333.333333334
22.28035950052556,114.2262620889218,14500000.0
22.280392196380888,114.17632641361263,11375000.0
22.2803925966287,114.13861795055618,46800000.0
22.280410237446517,114.18127944161904,6650000.0
22.280442742036897,114.22014589733807,2680000.0
22.280505180791636,114.1485614746748,23750000.0
22.280515300000047,114.14934760000006,21500000.0
22.2805637616361,114.13929877653716,31000000.0
22.280589068439127,114.17629494060589,9633333.333333334
22.280677335269935,114.14006812721962,33800000.0
22.280772187762352,114.22877647129167,6680000.0
22.280809500000032,114.17215640000006,10150000.0
22.280843653751955,114.17600630192659,15752000.0
22.280852200053232,114.1814454572226,15900000.0
22.280865253918137,114.22919759032744,6300000.0
22.280916675124743,114.15197979386522,17970000.0
22.280931400000043,114.18586890000006,7740000.0
22.28099370700771,114.15148824049716,13400000.0
22.281076350380232,114.22083050674797,4350000.0
22.281125204045736,114.18507047840114,9380000.0
22.281142693143863,114.15445664625355,14500000.0
22.281186400000024,114.15182170000003,7900000.0
22.281194185273748,114.1417628267708,56000000.0
22.28121963901502,114.14810316364657,16833333.333333332
22.281270213572895,114.15077543872349,13800000.0
22.281279251605724,114.14228844586955,33533333.333333332
22.281294900000034,114.15168700000004,7700000.0
22.281322500000044,114.18317600000012,6100000.0
22.28135720788913,114.19313748172817,23900000.0
22.28139852271081,114.14405158471816,20000000.0
22.28141657183012,114.1529460596633,8500000.0
22.28141850000003,114.15105200000005,9300000.0
22.281486351174067,114.14832587081395,20125000.0
22.281493179272207,114.14730261414499,12000000.0
22.281498400000032,114.14996600000006,18000000.0
22.281560775900477,114.21362209043549,7211538.461538462
22.28158219840466,114.1616326643628,9500000.0
22.28162326585641,114.12485342648563,14040000.0
22.281623300000035,114.15040180000005,16800000.0
22.281652200000053,114.19233520000012,11500000.0
22.28167026502723,114.14934741553202,29750000.0
22.281683116868425,114.19287623855065,6500000.0
22.28170270000004,114.1218278,7966666.666666667
22.28173465096721,114.14445608737554,8500000.0
22.28173932358568,114.21375808788723,8368571.285714285
22.281741244849627,114.14176602575077,5100000.0
22.28174910000007,114.23079660000008,5980000.0
22.281751300000053,114.18527300000005,13800000.0
22.281762283426602,114.15071228246705,10633333.333333334
22.28177718741597,114.1410514413725,11312000.0
22.281795468613183,114.19276146353822,33200000.0
22.28182959831505,114.14438675259859,16980000.0
22.28185126590951,114.15428318675502,13500000.0
22.281864229732378,114.1451734593578,63000000.0
22.28186796692508,114.14934790678751,29000000.0
22.281912926475105,114.14755885685807,13300000.0
22.281953759783676,114.12615824702651,10100000.0
22.28195389373319,114.14181992138822,5000000.0
22.282018262292354,114.22548044130917,8500000.0
22.282072204488486,114.22735345411832,6900000.0
22.282099224586716,114.12790442957737,7865000.0
22.28214181600238,114.12803638453039,6050000.0
22.28215206165574,114.12611247522112,27500000.0
22.282163100000048,114.15189940000005,6740000.0
22.282182242888496,114.14466740651812,12000000.0
22.282193177928264,114.14159443434653,8936666.666666666
22.28220120000003,114.18459710000002,6600000.0
22.282289211769722,114.15142994101694,9485714.285714285
22.282289218277413,114.13175545757747,10890000.0
22.282302900000047,114.1288846000001,5200000.0
22.282379200000037,114.15371660000005,6500000.0
22.282447200000036,114.15103410000006,23000000.0
22.282503253055552,114.19322195003531,35000000.0
22.282561000000044,114.12712600000009,5800000.0
22.282567674718155,114.19197502766104,8000000.0
22.282608400000072,114.15278390000003,6000000.0
22.282629300000053,114.13147540000011,5800000.0
22.282641251703097,114.1310727289557,7480000.0
22.282644934683915,114.18553896091841,25650000.0
22.28271628085636,114.22080491668535,6650000.0
22.282721801792604,114.13118705811502,4980000.0
22.282831100000067,114.12615370000003,6090000.0
22.282831500000043,114.19266800000003,6800000.0
22.282969379750114,114.1568944089687,26766666.666666668
22.283051233047672,114.14256443887291,26000000.0
22.283062500000028,114.1522513000001,6080000.0
22.28306370000007,114.15774490000001,17795483.870967742
22.28308430000004,114.14969830000007,11000000.0
22.283118800000068,114.15128490000006,10480000.0
22.283126192320196,114.12644247126241,12496666.666666666
22.283148524483266,114.14242501097846,23500000.0
22.283205098043243,114.1465851171093,34000000.0
22.283235845444214,114.1281134709236,6900000.0
22.283237257723954,114.13081441715644,7800000.0
22.283239060038305,114.21256618374328,10668571.42857143
22.283288097905082,114.14460646229848,25000000.0
22.283304199967347,114.21640547131767,11438108.108108109
22.283330000000035,114.21667000000002,4950000.0
22.28337437411478,114.12889880330786,10700000.0
22.28337874338806,114.14090174188544,7800000.0
22.28339470000003,114.14559370000006,22800000.0
22.283405600000037,114.19211210000003,15500000.0
22.28346645007072,114.14861437592123,8300000.0
22.283504245694587,114.21259241145549,9500000.0
22.28351325672736,114.12841843744593,4099999.0
22.283566244919996,114.22351546016557,10445000.0
22.283659800000066,114.1458110000001,11500000.0
22.283693200000073,114.13010090000012,5800000.0
22.283693235381634,114.22456643498629,17736000.0
22.283716250465318,114.15088842013427,24114285.714285713
22.283728091178332,114.12983111763833,7450000.0
22.28375888142182,114.14638998255087,20200000.0
22.283784100000048,114.14647980000007,8340000.0
22.283787241723417,114.12850446475875,7920000.0
22.283803000000034,114.22136910000006,5100000.0
22.283806800000036,114.19213140000011,6500000.0
22.28384389754393,114.15900426161657,10300000.0
22.283849228948725,114.19142044848604,10235000.0
22.28387094915101,114.145460993898,32750000.0
22.283877957450006,114.15475407952705,6400000.0
22.28393700215805,114.12784876403764,6250000.0
22.28396844225189,114.14555255051027,18496000.0
22.283974057287463,114.15901615974514,17800000.0
22.284006193401098,114.15491604710004,7936250.0
22.28403190000006,114.13657640000008,6200000.0
22.28405160598215,114.15497443988389,9800000.0
22.28407370000008,114.14131410000005,8800000.0
22.284091942286214,114.14246265165058,19150000.0
22.28411102935435,114.1499470929499,12000000.0
22.284137087042552,114.14755988641176,5780000.0
22.284361190809932,114.14560147591385,32666666.666666668
22.284395969114147,114.14442303261846,17180000.0
22.284413186034385,114.21516551366784,8500000.0
22.284419765828375,114.14709691617037,6050000.0
22.284422800000073,114.14898190000008,5680000.0
22.284428985921863,114.14544878254901,7251111.111111111
22.28443308754352,114.13081774248768,27800000.0
22.284433600000057,114.19251630000008,3880000.0
22.284472258213725,114.21442747412675,11980000.0
22.284492231286322,114.13107548410551,10366666.666666666
22.28450426633009,114.14130241428495,19000000.0
22.284572600000047,114.1457478000001,9390000.0
22.284613700000023,114.14270090000002,22550000.0
22.284614603167682,114.15816999699837,9004285.714285715
22.284631000000047,114.13624410000011,6500000.0
22.28463940000006,114.19256590000009,5990000.0
22.284672800000067,114.14930750000008,6800000.0
22.28468953738208,114.15469863179823,4440000.0
22.28473725817713,114.13339645454323,34899999.88888889
22.284768052289053,114.13963471022203,7600000.0
22.284781500000065,114.14242380000007,6200000.0
22.284817200000077,114.14100130000008,8325000.0
22.284847411455175,114.1450944669665,13633333.333333334
22.284857343083644,114.13495841162978,6250000.0
22.284871466590502,114.14606409806112,7985714.142857143
22.284894894009867,114.1440654332489,15500000.0
22.284930182878497,114.19668342061925,23500000.0
22.284943108745,114.14224625885629,5450000.0
22.284945910770862,114.14224647474417,6251000.0
22.284948712796727,114.14224669063204,8453333.333333334
22.28495151482259,114.14224690651992,11800000.0
22.284970800000053,114.19118230000004,7500000.0
22.28497120000003,114.13670910000008,9090000.0
22.284982800000023,114.13144340000008,8500000.0
22.285016100000064,114.13650700000005,7080000.0
22.28505019231477,114.22457542001894,15671428.57142857
22.285072259395008,114.22345043592918,11433333.333333334
22.285120249569445,114.21309747529165,14250000.0
22.285143253653075,114.1318224178209,7640000.0
22.285147692713153,114.13605197693037,32250000.0
22.285152757870698,114.13605197693037,14050000.0
22.285153000000037,114.13528130000009,5980000.0
22.285216381906167,114.0388527671056,36000000.0
22.28524835886678,114.13876413094755,6500000.0
22.285262901468784,114.13489236223273,5976666.666666667
22.285279100000025,114.14282350000008,4900000.0
22.28530166777098,114.15926970269498,9850000.0
22.285368537060943,114.1348744887945,20800000.0
22.28538093370724,114.13481254450534,5900000.0
22.285397000000046,114.14769520000004,7600000.0
22.28546240000003,114.1434954,7776000.0
22.285520500000075,114.14561560000004,5900000.0
22.285575881733365,114.21595768733692,5100000.0
22.28563064851395,114.20010761791009,26500000.0
22.28568720000004,114.19218360000002,5750000.0
22.285723696595866,114.13904576289423,5800000.0
22.285733200797836,114.21971543235077,12738275.862068966
22.285750552165247,114.14126186686983,6275000.0
22.285806266063446,114.21172944931823,7725000.0
22.285821600000077,114.19086130000005,8000000.0
22.28583075660209,114.13287578181229,28300000.0
22.28584100000006,114.14173590000007,5700000.0
22.285855500000025,114.14021560000003,2600000.0
22.28593920000003,114.13964800000008,8000000.0
22.28595690000003,114.13226550000002,3780000.0
22.285985259714153,114.21673642552082,9997500.0
22.286034246108514,114.21619330263519,20283333.333333332
22.286047052666103,114.13094382093486,8900000.0
22.286067200000048,114.1925159000001,5300000.0
22.28607521104118,114.22387843748515,11700000.0
22.28612918523737,114.13865443765837,10800000.0
22.286172190393756,114.13939143033758,4800000.0
22.28629540000003,114.13320570000008,6000000.0
22.286350237041006,114.19711648219368,19000000.0
22.286376202135386,114.14293943823623,11000000.0
22.286388500000044,114.14240230000007,12800000.0
22.28642524831372,114.13720146837613,5820000.0
22.28651323363357,114.19225443051789,9650000.0
22.286530173829018,114.19388382698777,19266666.666666668
22.286566706507728,114.21136733806293,16900000.0
22.28672625740802,114.22039443781932,14133333.333333334
22.286754188509576,114.21719241817857,15135833.333333334
22.28677114112618,114.13441761123687,24780000.0
22.286774095547806,114.13873396792359,7032500.0
22.28684419483676,114.21576645399455,14736315.736842105
22.286848086997324,114.21132760784184,23753333.333333332
22.286880261967895,114.21925946969316,13118181.818181818
22.28694620620763,114.14724742889769,10390000.0
22.286964260273237,114.19809642975622,13166666.666666666
22.286978182323878,114.222888428886,12827272.727272727
22.286986300000024,114.1361607,7500000.0
22.286989234364057,114.21459241272635,11706666.666666666
22.287040334042995,114.13898681466499,10500000.0
22.287085788051982,114.19083265417137,31300000.0
22.287116116825302,113.94081283441687,8467000.0
22.28714260000004,114.13298780000002,21000000.0
22.287162100000046,114.14089960000001,5250000.0
22.28717094787322,114.19091551925129,17440000.0
22.287201257134825,114.1498154182334,7290000.0
22.28720503555216,114.19488008280486,17150000.0
22.287316400000066,114.1392383000001,7000000.0
22.287500000000023,114.14417000000003,28010000.0
22.287552226410753,114.19255445760871,8300000.0
22.28765118477054,114.19722341558236,18000000.0
22.287676220861556,114.2151604467914,23712500.0
22.287732233065185,113.94300047036995,3976666.6666666665
22.28785494265079,114.19677248605839,18480000.0
22.28803918318107,114.1947104704467,20000000.0
22.288128228504775,114.20556846892032,35000000.0
22.288223976403586,114.14033179829846,6180000.0
22.28824726093751,114.19400141086896,11680000.0
22.288416076150337,114.1915399055932,4500000.0
22.288442185646147,114.14167041062274,7800000.0
22.28846580000004,114.19189110000002,4550000.0
22.288884237253228,114.03562340609517,6780000.0
22.288934677973828,114.19682481987252,4800000.0
22.288998263667736,114.1946554092466,8110000.0
22.289276282102566,114.14484430827805,22000000.0
22.289374800000076,114.19958000000008,8800000.0
22.28938000000005,114.20980000000009,9100000.0
22.289543251649036,114.19506747974458,11800000.0
22.289678655699674,114.20778558319796,11963333.333333334
22.28968020635176,114.20771676777292,6083749.875
22.289683014289324,114.2076132512687,6050000.0
22.28968485830802,114.20754016107298,6126666.666666667
22.289691206186887,114.20444243282668,8230000.0
22.28979000000004,114.19793650000008,8000000.0
22.289795373701395,114.20778927123536,8034199.98
22.289797720634283,114.20772062344838,14303749.875
22.289799313195886,114.20761710694416,8294999.875
22.289801115305067,114.20754410056747,5405000.0
22.289804300428273,114.20743765039714,14900000.0
22.289902900000072,114.19641940000008,9500000.0
22.289931700000068,114.19927540000003,4540000.0
22.289992020192276,114.20874746754079,33860000.0
22.290016263368614,114.20197845186908,14200000.0
22.290248700000063,114.19707690000007,6600000.0
22.290482848319414,114.21460812046521,4000000.0
22.290648204666013,114.20380242650003,7180000.0
22.29106470000005,114.19763230000001,6500000.0
22.291114312827496,114.20331237886266,7300000.0
22.291190259636608,114.20238640835214,16726666.666666666
22.291233220792833,113.94522443645496,11003157.894736841
22.29125520087274,113.94481141795347,10407142.714285715
22.291405247141405,114.19520347634248,7050000.0
22.291430500000047,114.19569980000006,5880000.0
22.291485900000055,114.20056480000005,4880000.0
22.291500400000075,114.19552070000009,4950000.0
22.291507191925277,114.19514691930483,6000000.0
22.29151500000006,114.19706960000008,6900000.0
22.29151522981806,114.20386148471471,8390000.0
22.29220680000003,114.19793590000006,8600000.0
22.29262103899039,114.20672175204692,16726666.666666666
22.2928045188509,114.20684706149939,17430000.0
22.29301220326022,113.95091241413331,9147272.727272727
22.29318311588156,114.27265239580004,11370000.0
22.29319794343078,114.01692595478467,28800000.0
22.293780000000027,114.23703000000012,8600000.0
22.293799157675398,114.01800310647916,23000000.0
22.293912480722142,114.01784453262474,9396666.666666666
22.294074712458098,114.01803790313102,9586666.666666666
22.294234890627777,114.01819070522589,10000000.0
22.294533593073233,114.22152237328662,7500000.0
22.294858043219364,114.23413359291578,5150000.0
22.294981508653137,114.01688874420563,7139629.592592592
22.295109141501438,114.01783581308763,8850000.0
22.29512299453086,114.01788968085656,14000000.0
22.29529503374141,114.01670107339356,4915000.0
22.295318374112455,114.17295819003971,4895000.0
22.295517895545554,114.17175971754314,6500000.0
22.295534217428838,113.95101347450077,17903125.0
22.295693799905827,114.17294455526276,6603333.333333333
22.2957145085109,114.17330586503515,5690000.0
22.29572603120269,114.27164755494874,19000000.0
22.295749290984006,114.17171355996828,7862608.695652174
22.295926316779074,114.17378087256748,5900000.0
22.2959388058148,114.17257513579568,5053333.333333333
22.2959506662078,114.17324904081096,10164285.714285715
22.295957920007332,114.02475072209914,7700000.0
22.29618791597717,114.27178485052275,7550000.0
22.296226045376407,114.15168874313086,16493333.333333334
22.296444025028705,114.01673074533079,8850000.0
22.296575746637103,114.27195257240533,6987500.0
22.296675912579417,114.26938405691817,11600000.0
22.29674983876606,114.01237131748923,5563333.333333333
22.296755035546028,114.01150479633895,10012307.692307692
22.29684912240917,114.01184577216014,6327333.333333333
22.29692761421872,114.0114990782225,10250000.0
22.29701173133077,114.0123712336702,7001250.0
22.297230750460756,114.0122352792007,5960000.0
22.297420217285264,114.27465540608182,9183333.333333334
22.297470556710607,114.01140656043373,5950000.0
22.29760760082752,114.01183135528669,5135000.0
22.297675200876625,114.01115971338521,3840000.0
22.297690000000046,114.17388000000005,21000000.0
22.29786077621293,114.010974305687,6000000.0
22.300687203162227,114.25545345427429,9841818.181818182
22.30100950746591,114.18313959343799,6650000.0
22.301944273732204,114.18750003623359,45000000.0
22.302219199731667,114.25408344329367,11274285.714285715
22.302278800735703,114.1756577664632,25510000.0
22.30228357016931,114.1756494270045,7000000.0
22.302568221000513,114.18348347463166,10190000.0
22.30280086335738,114.17356793005577,6000000.0
22.302950883391702,114.16169107640667,41200000.0
22.303182100000072,114.17544720000001,8000000.0
22.303349263839948,114.25306545059277,11064285.714285715
22.303411199065124,114.19250540643031,62500000.0
22.303522371469285,114.25942972272969,17237499.875
22.30355296458049,114.16303116827851,37500000.0
22.303780200000062,114.16988500000002,6500000.0
22.303815900000075,114.17088400000011,4500000.0
22.303846200646547,114.16712804117242,27694000.0
22.30391275637232,114.22714198277107,23000000.0
22.30421719499526,114.25184244114666,11786086.956521738
22.30433426174703,114.17283363872973,9085000.0
22.304370457552466,114.26079526069407,13200000.0
22.30456818427126,114.18454445048872,12261818.181818182
22.304786868535345,114.1625985755411,11500000.0
22.304822198194756,114.25162746836509,16511428.57142857
22.304851214300243,114.19032543650519,10609444.361111112
22.30487050000005,114.17142420000005,6700000.0
22.30488826343492,114.17044142121802,53000000.0
22.304928252580282,114.16299544614867,32518421.05263158
22.30493917862003,114.22822547528858,10220999.9
22.304980200000045,114.17087450000008,3506666.3333333335
22.30510438389238,114.22827231882967,21950000.0
22.30511450000006,114.17194840000002,3290000.0
22.305147240376414,114.16100442691038,28986111.111111112
22.305211411931182,114.22717502071856,7890000.0
22.30527149938674,114.22869281360452,8500000.0
22.305296521919104,114.26091345412374,9483333.333333334
22.30529902843222,114.2284805366036,10652000.0
22.30534518709601,114.16652144396721,19708000.0
22.30553000807089,114.22689305349576,25000000.0
22.30572995488168,114.23335012541459,10240000.0
22.305786578127083,114.18451205556494,4980000.0
22.30584545624488,114.18577396629867,9275000.0
22.30595073770077,114.18429119241625,8300000.0
22.30612065062449,114.23433195548608,8640000.0
22.306289211527996,114.18817840869986,5950000.0
22.306344199727903,114.16226848050576,27952173.913043477
22.30638360000006,114.18673030000002,3690000.0
22.306444263091635,114.2291634816986,9200000.0
22.306596521430933,114.19323946078924,25500000.0
22.306653700000027,114.16787350000004,4200000.0
22.30668000000003,114.18356000000006,3980000.0
22.306740061522802,114.22748355857448,5800000.0
22.30684700000006,114.23277640000003,9394285.57142857
22.306868000000065,114.18374130000007,6400000.0
22.306918763698505,114.22803693182209,8100000.0
22.30697613129111,114.0106601409062,7400000.0
22.306996263098426,114.22753940979442,9390588.235294119
22.307017206174578,114.26677043441646,8047500.0
22.307084767290903,114.25813676522029,16300000.0
22.307226337635527,114.23699148662246,6350000.0
22.3072397067711,114.19337776219163,33000000.0
22.30741149387667,114.23162866115183,14000000.0
22.307430000000068,114.18554000000006,4400000.0
22.307491207897783,114.19226643856155,16690000.0
22.307618234359552,114.1931204556663,22930000.0
22.307680100000027,114.17013520000012,3600000.0
22.307705908225714,114.23202981903779,12900000.0
22.307723803588985,114.17842922461148,37000000.0
22.307954233581086,114.25425143190432,5500000.0
22.308007851903156,114.17822420043981,28000000.0
22.30827820875885,114.25969846470673,16799999.94117647
22.308536187696745,114.26646040428932,15000000.0
22.30858421587135,114.19252840651393,21166666.666666668
22.30861170000003,114.26128690000007,8400000.0
22.30861723899136,114.26127545843985,8600000.0
22.308814228589007,114.18797358560278,19500000.0
22.308855253856677,114.19161645119857,11000000.0
22.308956225223767,114.26219243277342,9969999.75
22.308974201289118,114.23234342425906,5980000.0
22.309445250001545,114.16575347117532,12849999.833333334
22.30960285998154,114.26152997849678,10997142.857142856
22.30974230000004,114.18351710000002,4080000.0
22.31002924312463,114.17245843455078,79800000.0
22.31054525700057,114.1766734408742,27811111.111111112
22.310558262047834,114.1681264748022,10440000.0
22.310677182480163,114.26148343619593,4900000.0
22.310797226916577,114.17541845531173,58000000.0
22.31090056332954,114.17315978259337,23800000.0
22.31099609858869,114.1863318505633,40000000.0
22.31116272543344,114.17537813815017,21400000.0
22.31124197052159,114.176277049108,33500000.0
22.31128039209193,114.17501131543379,98000000.0
22.312001465965068,114.1746209907227,36000000.0
22.31219932301383,114.1851629197372,24977999.9
22.312491472024703,114.16972595926825,11880000.0
22.31260222047854,114.25958247428503,5300000.0
22.312741800000026,114.22837640000012,6500000.0
22.313024900000073,114.22779260000004,9000000.0
22.31309280000005,114.22666350000009,5700000.0
22.313106246777092,114.16512797981082,7490000.0
22.313391591160467,114.16133166829849,5800000.0
22.313555800000074,114.22728660000007,5350000.0
22.31371014338119,114.22563639502255,4250000.0
22.313789282666406,114.26719838023641,7425000.0
22.31388064536913,114.26709426593618,10593333.333333334
22.314036817359796,114.26562204741244,10500000.0
22.31412843868309,114.2652975176562,7651818.181818182
22.314171267950194,114.17777269304781,7500000.0
22.314182520990343,114.16782494362809,17766666.666666668
22.314237200000036,114.22757800000011,5500000.0
22.31433823978972,114.27814243975877,4790000.0
22.314356032854448,114.22822575928956,6400000.0
22.314363444370386,114.26408741356062,37800000.0
22.314658232953036,114.1672684466829,5800000.0
22.314774356500987,114.26453271038574,16066666.666666666
22.315068192443448,114.17633046362732,19250000.0
22.315090896289764,114.2628646691129,6350000.0
22.315124311631138,114.22101541153205,5450000.0
22.315180000000055,114.22595000000001,10200000.0
22.3152410275577,114.21642668660843,16000000.0
22.315244198083292,114.17887644288305,6950000.0
22.315304007989138,114.22166716333618,9070000.0
22.3153992256469,114.26481940632357,11843076.923076924
22.315454607392297,114.2218545447075,12000000.0
22.315478541315112,114.22155595010311,7800000.0
22.315709203773793,114.18017445260193,7393333.333333333
22.315739800000074,114.26869350000004,5900000.0
22.31600723185727,114.1724094723728,4950000.0
22.31609036788163,114.1731094821231,33909000.0
22.316108808068606,114.17884018932415,35250000.0
22.316226112803548,114.17339404773588,33606428.571428575
22.316313000000036,114.21719210000003,3780000.0
22.31632319300593,114.1772524569792,20812500.0
22.316386800000032,114.26540980000004,8500000.0
22.316392230256895,114.26539743342505,9116999.9
22.316396810261722,114.17476893131379,12300000.0
22.316426189380365,114.16752144060263,4580000.0
22.316427260384273,114.22052943031008,6400000.0
22.31642986861893,114.17174402592514,7680000.0
22.316598200000044,114.21658920000004,3800000.0
22.31665950000007,114.17137980000007,5400000.0
22.316732800000068,114.1747104000001,12800000.0
22.316777186656395,114.2165954170082,4300000.0
22.316793226714708,114.1765344143688,51150000.0
22.317048235641778,114.17739047248085,18000000.0
22.31718718182165,114.17575497840335,29066666.666666668
22.317234190317777,114.16246143020726,12033333.333333334
22.317321200000038,114.23083340000005,4680000.0
22.31747430000007,114.28276560000006,9000000.0
22.317480259212346,114.28275345952181,10600000.0
22.31749650000006,114.23037110000007,5065000.0
22.317501208288547,114.22169445654538,7300000.0
22.317547220455822,114.19201743965641,6155000.0
22.317631181761044,114.16424140967831,23375000.0
22.317668210895647,114.15582747808992,43900000.0
22.317690665977295,114.16665051943642,4980000.0
22.317879485114418,114.17439878646957,5500000.0
22.317929088847745,114.16766346425908,10800000.0
22.317984594180245,114.16683763925306,14300000.0
22.318024575858388,114.17439375732766,13560000.0
22.318182188375573,114.16127048737708,16550000.0
22.31827000000004,114.17678000000001,9000000.0
22.318311700000038,114.17058280000003,4400000.0
22.31834526535704,114.15568347656642,30800000.0
22.31841919585989,114.17779748056915,14750000.0
22.31843043930128,114.16191813948521,13500000.0
22.318481263852902,114.17472492632209,5642857.142857143
22.31858046367698,114.17499767345146,9150000.0
22.318607185309247,114.22045045802292,11800000.0
22.318652234473007,114.15778341520058,18840000.0
22.318658750496695,114.17286585103193,11800000.0
22.31882026008384,114.22191742535597,8500000.0
22.318846183178096,114.2266544335771,5780000.0
22.318879205298174,114.17419847387657,5200000.0
22.31889943700233,114.17785246585396,11000000.0
22.319085307926386,114.1752761455082,4300000.0
22.3191142121525,114.17376545930233,9500000.0
22.319218247530728,114.22256840672264,5580000.0
22.319230689815825,114.17809051190414,11300000.0
22.319258239676117,114.18909343902635,7730000.0
22.31934700000005,114.17572060000009,5740000.0
22.319379183115814,114.19341443673511,10143333.333333334
22.319382233126873,114.1708784588069,5080000.0
22.319410264228793,114.15552443198817,13298000.0
22.319445100000053,114.24954070000001,3650000.0
22.31945490000004,114.16354190000004,4200000.0
22.31950202039314,114.22677435350995,6280000.0
22.319537433583093,114.275509742093,4190000.0
22.319570785537167,114.27560456761887,4279999.75
22.319605175104254,114.27535693412365,11000000.0
22.319676072842586,114.27519334096264,7616666.666666667
22.319697357665483,114.2750104904794,9550000.0
22.31975313384075,114.16052338395292,5925000.0
22.319755900000075,114.17422580000004,6680000.0
22.31979273833325,114.22037964417615,5800000.0
22.31980789277978,114.2670829324054,5820000.0
22.319923911671225,113.94311622632955,4900000.0
22.319955249210068,114.17690646772132,11550000.0
22.319956981725966,114.17827382412656,11000000.0
22.32008949961518,114.17532087963787,21000000.0
22.32011124377715,114.27575345407365,7800000.0
22.3202534915508,114.17134173874342,4515000.0
22.32026120532231,114.17810643508369,16450000.0
22.320263843201218,114.27236202837543,8850000.0
22.32043660000005,114.16801380000004,3880000.0
22.320491466981586,114.27588581017336,11600000.0
22.32049523317312,114.1778344400949,20800000.0
22.320498900000075,114.1649076000001,4980000.0
22.320507253669433,114.17128926802951,5300000.0
22.320522196271156,114.25826642650065,11462500.0
22.320571700000073,114.1888368000001,7200000.0
22.320592100000056,114.16168520000008,6020000.0
22.320617179616477,114.16056745432184,6015000.0
22.32075193526012,114.1791931659171,15000000.0
22.32076373990661,114.18720792708325,9600000.0
22.320764206150955,114.15532241425376,9212500.0
22.32078018620905,114.16338542656638,7580000.0
22.320868262529245,114.22643146176654,7640000.0
22.320880302933894,114.2163713982225,17000000.0
22.320953464284983,114.16408678244989,6400000.0
22.320976333256382,114.1794072750018,17500000.0
22.32099500000004,114.16517060000001,7100000.0
22.321012865381135,114.17864258142515,30800000.0
22.321244630964244,114.19304416067926,5100000.0
22.321389218423178,114.25751946678508,8973888.888888888
22.321715186608174,114.17944643395526,13960000.0
22.321726229648334,114.17040644509086,4350000.0
22.321771216023006,114.18995244062135,6900000.0
22.3217972359065,114.27247642416023,15633333.333333334
22.321884405533126,114.25405525039015,7250000.0
22.322025404619556,114.16911315840785,17800000.0
22.322034221768035,114.1811344410919,23833333.333333332
22.32211321905521,114.15906842887216,19500000.0
22.322430000000054,114.2554755000001,4300000.0
22.322473203363927,114.18093146635397,11280000.0
22.32253287479407,114.2169107971009,5658000.0
22.322998253272715,114.25831343067148,9088181.818181818
22.323087227596147,114.1822024069744,30200000.0
22.323260255225193,114.25469643652218,8300000.0
22.323427234832252,114.21292142865161,7512608.652173913
22.32367000000005,114.25939000000005,5980000.0
22.32383660000005,114.16875130000005,6200000.0
22.323859215780615,114.25480596610016,8770000.0
22.32388750758203,114.2489201921266,2800000.0
22.323933200000056,114.25379600000008,6950000.0
22.323938194689788,114.25378447820674,7590000.0
22.324100000000044,114.2589200000001,8400000.0
22.324549227911177,114.16070348181631,7922666.666666667
22.324559700000066,114.17563790000008,48000000.0
22.324580000000026,114.16722000000004,4900000.0
22.324657511117238,114.17648319815123,46900000.0
22.324683369288536,114.17616124925024,32500000.0
22.324702228570686,114.17625537802292,33000000.0
22.324953223379907,114.2158144821691,6335217.391304348
22.324968231434468,114.16455745382723,3900000.0
22.32546523324129,114.16488744602691,7980000.0
22.32555210000004,114.25300040000002,2990000.0
22.325577195648293,114.21535647050405,4800000.0
22.32577820437905,114.17580644372231,16800000.0
22.32580826248835,114.16138142128091,3600000.0
22.325880849885692,114.17485962350611,15000000.0
22.325927800000045,114.17675110000005,15800000.0
22.3259331929425,114.25753147282876,6515000.0
22.326054500000055,114.17702720000011,14900000.0
22.3261919274789,114.1864259037204,57000000.0
22.326239226055066,114.18609445512368,20000000.0
22.326403461548693,114.18662362461288,47000000.0
22.326851800000043,114.16003730000011,8350000.0
22.327123253268894,114.18808042534363,15000000.0
22.327320038724388,114.21399411014936,5176000.0
22.32736223113767,114.20246611464188,8915555.555555556
22.327551200000073,114.18594780000001,7650000.0
22.32831922933846,114.18167805028224,27400000.0
22.328327234645883,114.18381943385305,16700000.0
22.32834660000003,114.18517880000002,4845000.0
22.328360000000032,114.18858000000012,21000000.0
22.32841620000005,114.18774750000011,6500000.0
22.32858673777831,114.19106075269684,6580000.0
22.328789973328185,114.18617285340872,17700000.0
22.329018743321786,114.17449533551189,12150000.0
22.32931579571651,114.18521160920392,35800000.0
22.329429283831967,114.20679183577849,6500000.0
22.329435237836762,114.18521529724131,50000000.0
22.329553219102877,114.18361046809332,19500000.0
22.329921031796022,114.18551008161748,58000000.0
22.330029514771894,114.17238746498356,22800000.0
22.330253121453552,114.18552199615166,24500000.0
22.330284300000073,114.1645969000001,9180000.0
22.33055623356745,114.17458218251102,13500000.0
22.330743401465355,114.17462635514079,5470000.0
22.330745329303085,114.10608594031356,5700000.0
22.33079909921196,114.18057490800533,10000000.0
22.330829818887096,114.1742647598378,5800000.0
22.33086179584771,114.17973370020263,270000000.0
22.331004539658778,114.1742750695787,7800000.0
22.33129770000005,114.17559310000001,9380000.0
22.33130624626358,114.17614725147195,21500000.0
22.331516824015107,114.17607811967639,15900000.0
22.33155224545369,114.17596030422985,12700000.0
22.331575794609734,114.18664221537503,21800000.0
22.33176510000004,114.16423190000012,12800000.0
22.33185890704945,114.17643416401762,19000000.0
22.332401400000037,114.16380260000005,4200000.0
22.332506534798313,114.17644455757755,24800000.0
22.3325422359693,114.1745054589926,28800000.0
22.332587000000046,114.14855950000003,9700000.0
22.332617260242046,114.22589243780692,5550000.0
22.33273999065462,114.16262419542477,3000000.0
22.332762164244244,114.17537485891214,6466666.666666667
22.3327773540899,114.17585933309789,43000000.0
22.332970220525226,114.15229046123125,10970000.0
22.333160589879014,114.17431854675246,9590000.0
22.33317626527429,114.19631341827414,17050000.0
22.33321766777436,114.14839605124679,9475555.555555556
22.333347328896203,114.14837817411015,11650000.0
22.33337670691818,114.17434473111308,17055000.0
22.333430678244987,114.17972554234521,19400000.0
22.333493267426718,114.17449844796715,14068823.529411765
22.33363822295371,114.24115745930203,39000000.0
22.333760261397344,114.19583046651837,8600000.0
22.333782763375794,114.18046803873983,160000000.0
22.333978396995917,114.20980478367295,13800000.0
22.334259261211457,114.14676945416,13500000.0
22.33444426588403,114.14773448266828,10210000.0
22.334446730589438,114.14076277731317,13800000.0
22.334536380290302,114.15383571486632,4975000.0
22.334625131407336,114.14085587861464,17500000.0
22.334711263854672,114.14907040752496,9182857.142857144
22.334725937030612,114.17866291207201,11880000.0
22.334739400000046,114.1608179000001,3326666.6666666665
22.334768730352753,114.14003532304491,9300000.0
22.33476920306532,114.14973742894995,10019999.916666666
22.33485334720528,114.14083741314448,22800000.0
22.334907146889115,114.14100267647045,9100000.0
22.33498322484337,114.14239447525506,32320000.0
22.33505128590115,114.14107685129791,12900000.0
22.335072640896716,114.14021590921847,26480000.0
22.335114400000066,114.16013790000011,4400000.0
22.33511618632673,114.16012844672582,5300000.0
22.33517578619266,114.14027312875163,7300000.0
22.335333189686086,114.1403579332777,12680000.0
22.33538226102553,114.14024782457547,10383333.333333334
22.335388317229768,114.1416650430671,8500000.0
22.33541887347927,114.1415419692872,9280000.0
22.33543565309658,114.1404132258488,11940000.0
22.335436946183297,114.14195994359609,9100000.0
22.335486149044975,114.14030010485588,9800000.0
22.335499508329686,114.14169499841599,14000000.0
22.33552878898876,114.14157699746713,11620000.0
22.335619779380064,114.14096878175492,11680000.0
22.33563525224603,114.14092950601456,8439999.5
22.335643907760534,114.139640133497,11640000.0
22.335646073253088,114.17587397296779,60000000.0
22.335757119672856,114.14093632023763,9500000.0
22.33576400534275,114.1405903411991,9600000.0
22.335768173492355,114.1393537673437,13500000.0
22.33577839486356,114.14088231609462,8625000.0
22.33579625683792,114.1395804067791,7800000.0
22.33579967005426,114.14082831195162,9300000.0
22.335810307649613,114.14080130988013,7433333.333333333
22.33584379686629,114.13917982724472,12200000.0
22.335846672420544,114.1394644467131,8600000.0
22.335922925955234,114.13899434717787,7800000.0
22.335995960028452,114.13911955512633,7400000.0
22.33602475483717,114.13986785995769,7270000.0
22.33605830484738,114.13897220760002,8289999.5
22.33606851249529,114.13866298165533,10000000.0
22.336104885831517,114.13991580444383,9500000.0
22.33610662131374,114.13886150316107,9880000.0
22.336161203125812,114.1532274276376,5000000.0
22.336189981836128,114.14080830003779,8890000.0
22.336236498181734,114.13857284086028,7700000.0
22.336237896694684,114.13827439953049,13000000.0
22.336293425537217,114.13844152142012,12880000.0
22.336294160440957,114.13814079892185,11300000.0
22.336300927370054,114.13842370800565,9220000.0
22.336315931035728,114.13838808117667,9090000.0
22.336338436534238,114.13833464093321,8900000.0
22.33634593836707,114.13831682751874,6680000.0
22.336353440199908,114.13829901410425,6500000.0
22.3363576840313,114.14017857710837,6265000.0
22.336360942032744,114.13828120068976,7200000.0
22.33636844386558,114.13826338727527,7275000.0
22.33639094936409,114.13820994703183,8525000.0
22.336398451196928,114.13819213361734,8200000.0
22.336401450335977,114.14230893194946,9980000.0
22.336429370509098,114.14231125294185,9180000.0
22.336435108234856,114.14092349268712,11800000.0
22.33645554275087,114.1398671055864,6500000.0
22.33645729068222,114.14231357393423,13680000.0
22.336483309634186,114.13769584983011,12293333.333333334
22.336515892453733,114.13970642450249,8075000.0
22.33655947835024,114.13961548085308,6900000.0
22.336567691404458,114.13748488740418,8450000.0
22.336623516090498,114.1394585716256,10000000.0
22.336667227715566,114.1393615930059,8500000.0
22.336783000000025,114.15987650000011,4900000.0
22.336802553542327,114.13917836460246,8300000.0
22.33692921191789,114.23942447700188,11100000.0
22.33713322965957,114.21517448184238,8390000.0
22.337487983674507,114.17612839218981,18900000.0
22.33778526878726,114.1379460987708,9000000.0
22.337840445461712,114.13798658324889,16500000.0
22.338046637521145,114.13830538938674,7750000.0
22.338083448632464,114.13888533159637,7375000.0
22.33810463360772,114.14067060063941,14100000.0
22.338113887152296,114.13812966962918,11500000.0
22.338156570673622,114.14056123153544,9700000.0
22.3381592586516,114.14055531783367,8300000.0
22.338170010563523,114.14053166302662,11000000.0
22.338178074497463,114.14051392192133,9880000.0
22.338180762475442,114.14050800821957,9300000.0
22.338188826409382,114.14049026711427,8199999.0
22.338191514387365,114.14048435341252,8550000.0
22.338196890343326,114.14047252600898,8500000.0
22.338204954277266,114.1404547849037,9200000.0
22.338213018211206,114.1404370437984,10300000.0
22.338218394167168,114.14042521639487,7383333.333333333
22.338221082145147,114.1404193026931,9000000.0
22.33822451560966,114.13850338507928,14000000.0
22.33824796192495,114.14036016567547,9600000.0
22.338334885686653,114.13822281455174,12800000.0
22.338346039102575,114.17684554782551,26200000.0
22.338561244466604,114.15074220586138,5967333.333333333
22.33887521805188,114.13919331938796,9250000.0
22.338939226390295,114.15059275652777,6876000.0
22.33916588981644,114.1401253535468,7600000.0
22.33921723523588,114.21372340556718,21725000.0
22.339232560108414,114.13938930921128,7800000.0
22.339326294305092,114.14003046967726,9790000.0
22.339497284858574,114.1396386872357,7616666.666666667
22.339594100000056,114.14949410000008,5880000.0
22.33975558215518,114.25956761285589,18500000.0
22.33990250000005,114.15407230000005,6500000.0
22.340001215085977,114.18177741342936,58750000.0
22.34003000000007,114.1551300000001,7180000.0
22.340413230583806,114.19681246208836,11000000.0
22.34045025071839,114.17214347340575,24000000.0
22.340457900000047,114.17674270000009,24800000.0
22.340478205820034,114.1543914068692,3480000.0
22.34057217125513,114.17844481444513,38000000.0
22.340709819617075,114.1814980908211,34860000.0
22.34077389926685,114.17788155105796,10000000.0
22.340965970578125,114.18134612691654,16340000.0
22.341031188830357,114.18199843823288,12100000.0
22.341097687695314,114.20098186557567,6350000.0
22.341135746026936,114.18209178102302,12500000.0
22.34137219951552,114.20191992735579,6500000.0
22.34150115906099,114.20214190966502,10680000.0
22.341523679786608,114.20208796089364,10126000.0
22.34153118669515,114.20206997796986,9800000.0
22.34181625568442,114.17740344752804,33800000.0
22.34188422693154,114.17581441575123,30000000.0
22.341891200000077,114.13616700000011,5600000.0
22.341892195960497,114.13615841558419,6226666.666666667
22.34193948672244,114.20210391013052,5565000.0
22.341951251175203,114.20042344921592,6625000.0
22.342029500000024,114.19641510000008,6800000.0
22.34215426691327,114.21173241532904,15500000.0
22.342410250843898,114.16748242946085,21650000.0
22.34246374909788,114.1639254810894,16500000.0
22.342471249065625,114.11027447348465,6818571.428571428
22.342476256303208,114.1639981851071,9682000.0
22.34250510000004,114.18323110000006,20000000.0
22.342603181545257,114.18374844959499,29120000.0
22.34263021264354,114.18064044329594,11800000.0
22.34265026471644,114.18095347843405,13000000.0
22.34267417780336,114.17824242957818,27000000.0
22.34275522309798,114.18123143844446,12990000.0
22.342955250825185,114.16436347112199,27500000.0
22.34321213652343,114.17627233696295,21500000.0
22.343251203901104,114.15567241552617,16800000.0
22.343295500000067,114.1819018000001,16800000.0
22.343370197333684,114.13754446462315,21000000.0
22.343425248533833,114.15447541317451,16400000.0
22.34350090081861,114.10669472320873,5787500.0
22.34352085848502,114.1544594122816,4980000.0
22.343521717126116,114.10666927836255,175000000.0
22.343541218955465,114.18289047947587,26000000.0
22.343626893569503,114.10808256060204,5450000.0
22.34366998168924,114.10968764861607,8000000.0
22.343692261504543,114.1639724277004,30250000.0
22.343916992095625,114.10610821256071,6850000.0
22.343918148579437,114.1061116771733,7000000.0
22.344540236120856,114.14962008930715,14550000.0
22.344747915683307,114.19780193792775,4400000.0
22.344750248073566,114.19769437357716,4280000.0
22.34475083117113,114.19766748248952,4000000.0
22.344751414268693,114.19764059140186,5950000.0
22.344764208401557,114.14981744424074,17250000.0
22.345037317797896,114.19810204811172,4800000.0
22.345037317797896,114.19811711885438,5380000.0
22.34504000642573,114.19797115670148,6450000.0
22.34615324645131,114.19807545067988,9099999.5
22.34899123876869,114.09823541771743,4980000.0
22.349096191150238,114.12659141180393,6950000.0
22.349123257248607,114.13011142360074,7582857.0
22.34956345630323,114.35393823047815,4179999.0
22.350349700000038,114.35477710000009,3400000.0
22.35035624073106,114.35476145530265,7428333.333333333
22.350690100000065,114.16802750000011,19500000.0
22.351952387257665,114.25321503620877,13500000.0
22.35201125174774,114.10801844528305,6995000.0
22.352330191907242,114.10964546719799,7737499.75
22.35260921092157,114.06139644679149,8245925.907407408
22.352617000000066,114.22145810000006,23500000.0
22.353377000000023,114.13634160000004,13500000.0
22.353378213717235,114.13633245421693,11306666.555555556
22.353570196415205,114.10768343106508,7580000.0
22.355606253817143,114.12850642976582,5640000.0
22.356006122955602,114.10430322143743,8150000.0
22.356635240557978,114.10410947907224,6730000.0
22.357160784153034,114.12825691690217,6484444.444444444
22.35813422600745,114.12757348237415,8279999.0
22.358253258440186,114.10669147545889,11937619.047619049
22.359100200000057,114.24854300000004,7400000.0
22.359151800000063,114.12715890000004,3780000.0
22.359173140655813,114.25591262721264,38400000.0
22.35933090000003,114.12689790000002,4600000.0
22.359488821412263,114.12879906296625,5600000.0
22.359658100000047,114.1277804,5200000.0
22.360475293717926,114.13267097073755,22800000.0
22.360840000000053,114.10414000000003,2400000.0
22.36093425818683,114.1757324194532,38899999.5
22.36101820649202,114.13622341682048,6200000.0
22.361150000000066,114.10129000000006,3790000.0
22.361200000000053,114.10342000000003,3500000.0
22.361260000000073,114.10181000000011,2100000.0
22.361560000000054,114.10035000000005,3300000.0
22.36161000000004,114.10124000000008,3380000.0
22.361813211249927,114.10591316631835,13890000.0
22.361814231385893,114.04401244359292,5880000.0
22.362007025095995,114.10589871941933,15500000.0
22.362089239385682,114.04060444120341,22200000.0
22.362198241781925,114.10467948214443,6050000.0
22.362229217894537,114.11362146365241,8180000.0
22.362420850625355,114.17614378287976,9680000.0
22.36250445039649,114.10609060896904,12463333.333333334
22.36270623962872,114.10375446278158,3440000.0
22.362736193737646,114.10657440503326,10281249.875
22.362751208792247,114.05040342082702,5490000.0
22.36284823614494,114.17567844525695,13340000.0
22.362933208453853,114.13078246604027,7325000.0
22.362954600000023,114.10458560000006,6100000.0
22.363307000000077,114.1009494000001,5700000.0
22.36330724781368,114.1009404075512,7000000.0
22.363382669504972,114.17733700716141,25120000.0
22.363849212783975,113.99865241068926,14000000.0
22.363872899818666,114.17919398330709,12640000.0
22.3639722622313,114.11396045788479,7020000.0
22.363994883657842,114.17934264512051,35000000.0
22.364049177510935,114.05370042681307,6600000.0
22.36421222010364,114.179765454115,35000000.0
22.36445923400163,113.98993440499544,3050000.0
22.36450672917431,114.1144402796292,11650000.0
22.36453000000006,114.18019000000004,18000000.0
22.364797488260944,114.17464254737443,7000000.0
22.365045500000065,114.13688790000003,4099999.0
22.3653732344347,113.99489722866326,6000000.0
22.365738490872243,113.99747726464204,6900000.0
22.3658072019021,113.99940242141588,12900000.0
22.365835178003806,114.00156747328674,8600000.0
22.365925186331026,114.05621342394886,10000000.0
22.365934254363992,114.00001745465181,9816666.666666666
22.366021217680156,114.13597841192984,4390000.0
22.366031004335095,113.99744339364628,7500000.0
22.366076700000065,114.13594650000005,4750000.0
22.366112218010983,114.00003941073157,9916000.0
22.36618507955076,114.1690392789421,4350000.0
22.366291800000056,114.05915720000007,5615000.0
22.366370192948807,114.05700844083913,5765000.0
22.366415254112667,114.1367784258382,8692500.0
22.366467888795466,114.11718753595679,8500000.0
22.366490000000056,114.06341000000009,18300000.0
22.366524500000025,114.13518340000007,3790000.0
22.36654807456191,114.07834458030707,4550000.0
22.36656724566518,114.06128040636963,10004000.0
22.366618205850443,113.99730546979254,8380000.0
22.36681735792316,114.06192813190684,7450000.0
22.36693017998465,114.18012545442377,6145000.0
22.367106230624643,113.99360447633774,6726666.666666667
22.367402695251673,114.13535460638568,88000000.0
22.367539300000033,114.23853760000009,4666666.666666667
22.367754214439856,114.18178415011347,4586000.0
22.368008193903677,114.11430245412816,23500000.0
22.368201009428642,114.17639191704023,6100000.0
22.36820425761647,114.0617324250129,6657500.0
22.368608263085207,114.11990043547928,10293333.333333334
22.368634258179725,114.0137314615082,11000000.0
22.36871766825142,114.13333496635127,13500000.0
22.368974204415565,113.99681147499666,12000000.0
22.368987678722007,114.1167321308128,4893333.333333333
22.369098300000076,114.12311540000007,3670000.0
22.369165800000076,114.1329234000001,5700000.0
22.369208196266243,114.1180094326046,4040000.0
22.36932725769907,114.17428645419648,16182857.142857144
22.36932820000004,114.17066140000009,38000000.0
22.36933925474267,114.09203143216314,10000000.0
22.369426000000033,114.13921300000004,4400000.0
22.36962900000003,114.12036750000004,5700000.0
22.369636233822348,114.11775341367388,8233333.333333333
22.369792203389352,114.12557944912498,4690000.0
22.36994418294188,114.11467646348785,7200000.0
22.370138254647372,114.17605942564194,14380769.23076923
22.37022318695614,114.09818947155031,6440000.0
22.370468913276486,114.17151813182707,12593333.333333334
22.370473244865252,114.11365842678686,17095263.157894738
22.37051022799966,114.12087245701298,6990000.0
22.370660000000044,114.1047900000001,4707272.7272727275
22.370702220697638,114.11632240847155,8990000.0
22.370770222944884,114.26771645085569,5515000.0
22.371258881115935,114.13629448699595,4900000.0
22.371298238864426,114.177425438608,15863333.333333334
22.371421600000076,114.11806020000006,5065000.0
22.37145000000004,114.1880000000001,5850000.0
22.371469895528378,114.17329547655459,29000000.0
22.37157822688232,113.96987046705419,7860000.0
22.371623300000067,114.11964760000001,6340000.0
22.371813254736765,114.10178946063786,8487272.727272727
22.37181522274392,114.18828044407076,4800000.0
22.37192320113644,113.97121044792561,8400000.0
22.37200000000007,114.11822000000006,3850000.0
22.372096242765565,113.99411746720273,8333000.0
22.372106700000074,114.1193588000001,6600000.0
22.37234680000006,114.1174066000001,11800000.0
22.372443200026908,114.13017447783,10695000.0
22.37263626672876,114.10304244319309,7650000.0
22.37291300000004,114.1182808000001,5550000.0
22.37308422635732,113.96428747675759,5587500.0
22.373240255924543,114.1205484088349,7351764.705882353
22.37330000000003,113.96770000000004,4130000.0
22.37335218633143,114.17618947211474,6400000.0
22.373500890066012,114.10072353984519,5380000.0
22.374003327452453,113.9664982391544,4291999.8
22.37414042318065,114.17785100547454,6425000.0
22.374294205756087,114.11488746425493,6150000.0
22.374335400000064,114.17935390000002,4800000.0
22.374369427336482,113.96122942609007,6000000.0
22.374448211316007,114.00033645481153,22000000.0
22.37474919141016,113.96804544541942,5550000.0
22.374989262360973,114.19305201839427,1680000.0
22.375265236286225,114.18653846473785,29682222.222222224
22.375641400000063,114.10553990000005,7840000.0
22.375996806639943,114.10590178770892,6450000.0
22.376115180376132,114.11151841300693,8766756.756756756
22.376385800000037,114.1067488000001,5000000.0
22.376386200361424,114.10673944263328,4724000.0
22.376522700000066,114.17792830000008,4800000.0
22.376550753776243,114.10561202750802,6137500.0
22.376584000000037,114.10579710000002,5570000.0
22.37658420308128,114.10578847317606,5300000.0
22.376851070236093,114.00744876738683,50000000.0
22.376946170058545,114.11857011454111,22000000.0
22.37723623245165,113.96367445152896,4790000.0
22.37768055050526,114.11042206646431,6650000.0
22.37769672083689,114.18437872060368,10200000.0
22.377935215992807,114.17135146952648,10200000.0
22.377996072515263,114.10378982194932,5191428.571428572
22.377997131675034,114.10379035152921,5600000.0
22.377998190834802,114.10379088110909,5030000.0
22.37800030915434,114.10379194026886,5550000.0
22.378001368314113,114.10379246984876,5300000.0
22.378044500000044,114.17251400000009,8500000.0
22.37805321042174,113.98443545800433,16340000.0
22.37808519153799,114.10932147202004,6720000.0
22.378733813325255,114.10442270537341,6274000.0
22.37874000000005,114.17417000000012,5366666.666666667
22.3787663422426,113.98459125961392,18000000.0
22.37880566278389,114.18657020662216,5400000.0
22.37910069636027,114.1868789373836,6300000.0
22.37921386974891,114.18739488085961,6325000.0
22.37928521290064,114.19731043489878,4800000.0
22.379301212958808,114.18626147273085,7856666.666666667
22.37932523504611,114.18068841147033,38000000.0
22.379473178583964,114.18663042907224,6744999.875
22.379487057437707,114.10446162108997,6350000.0
22.379540000000077,114.17445000000009,3380000.0
22.37956322591134,114.1751824614538,5100000.0
22.379780241700246,114.18768946592229,15500000.0
22.379951202321763,114.19791344009093,5553333.333333333
22.3799990412575,114.19616250186031,15650000.0
22.38025195076142,114.27063359612163,6200000.0
22.380312206634187,114.1972534416916,5115000.0
22.380354215786895,114.21683841589152,6670000.0
22.380592212652118,113.98118544018917,7340000.0
22.380668028435053,114.18686745417625,5900000.0
22.380780000000073,114.17276000000004,5100000.0
22.380856252612034,113.97989141548476,6450000.0
22.380862219903374,114.19548211689826,5055714.285714285
22.380869179659044,114.21753744243279,6500000.0
22.380873101659244,114.19548952629009,5760000.0
22.380881267071487,114.19549563111138,8040000.0
22.380897597895967,114.19550784075398,4960000.0
22.38092014883946,114.19552575826819,4850000.0
22.380960000000073,114.17417000000012,5000000.0
22.38099919013166,114.18719345011903,6136666.666666667
22.38102732410504,114.12860350391462,31000000.0
22.38114421265891,113.96510846074216,5828333.333333333
22.381197194851495,114.19643745972508,5161666.666666667
22.381598240309472,114.17923445818462,17858333.333333332
22.381903203418176,114.27303040917423,5280000.0
22.381932726505305,114.21795201498,5980000.0
22.382035894900582,114.20210163031686,6655999.975
22.382065201007094,113.97160240835058,7500000.0
22.38207022602535,113.97234543405182,6600000.0
22.38234320101776,114.2042444501069,8259999.833333333
22.382516221646767,114.19027245031259,5979230.769230769
22.382634868057643,114.20262042888845,8199999.0
22.383004226420894,114.19059241647574,6684782.565217392
22.383175194042394,114.18925245260448,11100000.0
22.38369000000006,114.20247000000006,6250000.0
22.383722219031085,114.21522942804222,9750000.0
22.383739700000035,113.97151330000008,6125000.0
22.383969204928974,114.11100144612749,26733333.333333332
22.384030000000052,114.20288000000005,6880000.0
22.384031195154364,113.97661941458955,5106666.666666667
22.38410621942711,114.10933144505634,9930000.0
22.38447276024268,113.97355208778878,6675000.0
22.385103204051575,113.98164841087225,4160000.0
22.385291260735244,113.9667424426824,5000000.0
22.385354260964277,113.98058947102254,10775000.0
22.385505250513177,114.10932744404181,12166666.666666666
22.385862548544214,113.96637568152885,3700000.0
22.38610123567986,113.98153644346519,9500000.0
22.3874512655878,113.98186847867225,6968571.428571428
22.387960000000078,113.97909000000004,14000000.0
22.388027000000022,113.97913270000004,3650000.0
22.388345600000036,113.97915650000004,3350000.0
22.388649076859533,114.29305597505906,12500000.0
22.388686670498263,114.20804252162056,4686666.666666667
22.38921722100787,113.9762504772483,5100000.0
22.389337843347366,113.9770563542207,5147142.857142857
22.390878187046212,113.97847448133359,5040000.0
22.391220265289803,114.20495544469168,8780000.0
22.391275206489524,114.19354545821136,4150000.0
22.39158577017233,113.98065886152695,7500000.0
22.391844248581606,113.97009383606263,9180000.0
22.39194622592896,113.97793740938107,5940000.0
22.391949600000032,113.9779433000001,5000000.0
22.392078389317874,114.18710160087528,26000000.0
22.392267230095968,114.29823947182024,11500000.0
22.392653206499176,114.29594547348063,23000000.0
22.39273750800301,113.96833640242386,5796666.666666667
22.393065100000058,113.97571830000004,4976666.666666667
22.3931941924659,113.97647248405542,5890000.0
22.393710185957005,113.96829541491729,11013333.333333334
22.39389299526526,114.18878121030923,68000000.0
22.393908193061577,113.97617944099011,4549000.0
22.39411620000004,114.20791930000007,10607500.0
22.394581255508456,113.97729943306172,5342222.222222222
22.394809800000075,114.2086786000001,11090000.0
22.39508722534788,113.97386645458141,10561818.181818182
22.395263600000078,114.19918130000008,20560000.0
22.39526619199853,114.19916846265346,25255999.9
22.39542190000003,113.97795100000008,3900000.0
22.395944556453493,113.97748313460484,14000000.0
22.39596716354172,113.97747980357984,14183333.333333334
22.39612500000004,113.9770744000001,4980000.0
22.396127700000022,113.97736090000001,5000000.0
22.396987500000023,113.9751811000001,4000000.0
22.397030700000073,113.97715000000005,4300000.0
22.397403839229327,114.19120223922243,10352647.05882353
22.397596100000044,113.97516050000002,4500000.0
22.39760927967616,114.1908818828831,10996571.285714285
22.39799274635606,113.96713510806072,1460000.0
22.398306199050296,113.97564746405612,6095000.0
22.398423497750628,114.2169152359557,11680000.0
22.39921550378166,113.96906814257107,7844285.714285715
22.399785179830985,113.96911860162817,10202500.0
22.399842180634266,113.97151346402723,5783333.333333333
22.399846400000058,113.97151890000009,4750000.0
22.400008203237803,113.97249748360457,5895000.0
22.400011962251483,114.31379699737874,4600000.0
22.40036825954678,114.19984744812189,19900000.0
22.400445799529763,114.19982897778965,9200000.0
22.400720228826344,113.97089543578045,5200000.0
22.400805191135248,113.97430341516997,8970000.0
22.40080930000005,113.9743092000001,7300000.0
22.400863255346337,114.19419548157452,14820000.0
22.400870384835116,114.19441192140545,32799999.0
22.400971183738704,114.19897044193362,14000000.0
22.401044800000022,113.97786990000009,3600000.0
22.401244221731304,114.20274240864637,21500000.0
22.401350866546323,114.19784170537854,19050000.0
22.401892181086907,113.97454142903518,7885000.0
22.401892300000043,114.20105590000003,7600000.0
22.402019800000062,113.97463060000007,7350000.0
22.402527000000077,113.97793690000003,4500000.0
22.40288540000006,113.98031790000005,4600000.0
22.403173186743913,113.97534845596908,4650000.0
22.40337550000004,113.9789336,3925000.0
22.40413122622681,113.97905342543834,3660000.0
22.404358519107518,113.98100682370422,4983333.333333333
22.40438340000003,113.98148220000007,4179999.0
22.40458418087354,113.96311048247867,5015000.0
22.40511820000006,113.98159080000005,5415000.0
22.405169234000425,113.98270745672232,5983333.333333333
22.40547421910918,113.96641043947545,4129999.5
22.40560340054523,114.20583275841956,19500000.0
22.405935578354228,114.20325937546255,6226666.666666667
22.405994191999525,113.97044742815172,2280000.0
22.406120000000044,113.96918000000005,2000000.0
22.40634401906577,114.20566236330461,16233333.333333334
22.406359253326684,113.9619304811888,2450000.0
22.407015247711513,113.96513445383675,2300000.0
22.407127914627353,113.96980260990428,4400000.0
22.407349295563417,113.96961280925845,5950000.0
22.40743575429796,113.97920954902905,6246000.0
22.407469289567075,114.20333881592535,49400000.0
22.407850035322955,113.96521308373461,3800000.0
22.407979239216047,113.96872343288419,4400000.0
22.40804906580972,114.20680179922226,19480000.0
22.40827951967622,114.2043695854919,6125000.0
22.40829839514284,114.2043491550599,7960000.0
22.408765047978967,114.20629809731325,43800000.0
22.409180580828888,114.20630466854493,36500000.0
22.410487190333583,114.22253741860993,8256666.5
22.410554201577156,113.98149843032695,5700909.090909091
22.411717201805175,113.98429246848457,6935999.8
22.411861000000044,114.22257310000009,12456000.0
22.41186318233588,114.22255946069004,16486666.666666666
22.412125269142976,113.9755257284155,4600000.0
22.412162275245493,113.97549471537371,5000000.0
22.412279789528014,113.97536739426448,4300000.0
22.41231679563053,113.97533688413694,4800000.0
22.412623196098878,114.2552534515471,10000000.0
22.412799718981987,113.97583745139457,6200000.0
22.413123600000063,114.2226346000001,9200000.0
22.413631644983134,113.97782408761704,4728333.333333333
22.41368152794638,114.19956385209093,14616000.0
22.413858611621713,113.97823541185367,5750000.0
22.413940000000025,113.97765000000004,5180000.0
22.414120000000025,113.97822000000008,5053333.333333333
22.414636654972398,114.20075534572862,85000000.0
22.41540100000003,114.22375040000009,11550000.0
22.415403216205505,114.22373646696906,11000000.0
22.415410598002097,114.22431888721155,25000000.0
22.416237217237438,114.22624640509378,5480000.0
22.417330239211083,114.22871647907357,2600000.0
22.41787130531962,114.22374415469353,9843333.333333334
22.417971967834767,114.22388219332512,14700000.0
22.418100200000026,114.07592880000004,3133333.3333333335
22.419332186489044,113.98576243982848,6469333.333333333
22.41958517740875,114.22456142796807,10162500.0
22.41970879604095,114.2095530751206,15651851.851851853
22.41976239831176,114.2097321125724,8710895.52238806
22.420017627263448,114.21012262544133,12035862.068965517
22.42089370378335,114.23559170879219,4875000.0
22.42089693081607,114.23518820397334,4650000.0
22.421061239774872,114.23055847577007,5490000.0
22.421521801697793,114.23570519976118,4750000.0
22.421547031226353,113.97306077832963,6700000.0
22.42162125297898,114.20251110298676,88000000.0
22.421944794441544,114.23597057081571,4700000.0
22.422357237486437,114.2365764106479,5700000.0
22.42246986689588,114.23135406866231,7836153.846153846
22.422699165727337,114.23697815939641,4950000.0
22.422750565916317,114.23258675414377,7437500.0
22.422932643640294,114.23078812390139,4325000.0
22.422961938391893,114.23258118062864,3150000.0
22.423036206954748,114.0206734237454,27000000.0
22.42304177601963,114.23743522457659,5775000.0
22.423387655254174,114.23782271996038,5900000.0
22.423662497859297,114.23013777203397,14000000.0
22.42374236852197,114.23356298669273,6807142.857142857
22.424654260837087,114.22805841068123,11319999.875
22.42477800000006,114.22887870000011,7980000.0
22.424850240549574,114.23794646362865,5616666.666666667
22.424874081636233,114.23434298452844,5141250.0
22.425006180116497,114.22982646710886,9670000.0
22.425166800000056,114.22733440000002,10599999.5
22.42516922970924,114.22732044699842,8150000.0
22.4255211939888,114.23133946360929,8726363.636363637
22.4255472106978,114.23948040895141,4900000.0
22.425781254934236,114.23299244061855,9400000.0
22.426086201042835,114.23595441738667,12260000.0
22.426221238533742,114.24028741313896,5250000.0
22.426749929836273,114.23522424229758,4350000.0
22.426947233173053,114.23275040473868,13153333.333333334
22.427030430374217,114.21220695330396,22868095.23809524
22.42728821341268,114.24392644336854,12400000.0
22.42761091907863,114.21138661644022,10945000.0
22.428748600000063,114.24375180000004,19495000.0
22.42875126173152,114.2437374356814,9836000.0
22.42920722338914,113.99743740827216,7390000.0
22.42927422394476,114.25025894970179,29000000.0
22.429852700000026,114.08617920000006,13800000.0
22.429962185133775,113.99439643321693,6000000.0
22.43044425488631,114.24917747545828,15038461.538461538
22.430485754273388,113.99762536315862,6175000.0
22.430571430280853,113.99756692915086,33400000.0
22.430739237615523,114.08582639126126,7194285.714285715
22.431060593126972,114.206143811012,18707500.0
22.43114847844646,114.24344907863303,12781818.181818182
22.43140613938317,114.24113574522312,11379375.0
22.4317370608767,114.19778777485517,18000000.0
22.431927190277406,114.024514410709,5200000.0
22.432241040418376,114.24056630215284,28000000.0
22.432526060454563,114.24304036414719,17561538.46153846
22.432603264428963,114.00757393520678,59800000.0
22.432629248328794,114.00003064144403,28000000.0
22.432667212967715,114.00838247306228,9250000.0
22.43268734030817,113.99506507627436,7994285.714285715
22.4327422672406,114.01196443708432,7450000.0
22.43294055221274,114.0081456648224,8300000.0
22.433064242411092,114.01124846748144,5500000.0
22.433351203454322,114.00018345925525,11290000.0
22.433443245788965,114.20237841132302,20820000.0
22.433631235472376,113.99669341156743,20000000.0
22.43365180568968,114.1919578563623,23000000.0
22.433955300000036,113.9972974000001,6800000.0
22.434383189206073,114.16284641260688,6300000.0
22.4345635401246,114.00073430221562,18000000.0
22.43472123843503,114.00051343545488,6180000.0
22.43476097585389,114.18496467833637,41210000.0
22.434769244609527,114.01250841006197,7500000.0
22.435165182048934,114.18532545432811,17012500.0
22.43581322740488,114.16780747764244,11300000.0
22.43590192207216,114.00839977888008,45950000.0
22.43591626377946,114.01250942906563,8000000.0
22.43617323671367,114.0303344248673,5572222.222222222
22.436257000782582,114.1821424798769,13280000.0
22.436693196603926,114.02376341897889,7363333.333333333
22.43673000000007,114.18124000000012,39000000.0
22.436784215934836,114.06593840830351,9800000.0
22.43687479926416,114.0327946738114,6461754.368421053
22.436877741681826,114.01851055865109,14600000.0
22.4372342395709,114.02469846037809,5680000.0
22.437455741472714,114.18146272050627,14000000.0
22.438122496212884,114.18350857411673,5480000.0
22.439115226409115,114.02018944598592,8900000.0
22.43911870000005,114.02019740000003,10237142.857142856
22.4391281894562,114.18253340417778,21750000.0
22.43936126130353,114.01686240789059,9398333.333333334
22.43944019559052,114.03331643670822,8219999.818181818
22.43950504923216,114.01096805602192,26000000.0
22.43967348761457,114.012180068612,6450000.0
22.43981424195033,114.01901745372516,7500000.0
22.439815199953784,114.03250842977081,9090000.0
22.440027227724613,114.03462740547423,7200000.0
22.440426094662598,114.17744753611157,25300000.0
22.440528263546128,114.16193646429872,17638333.333333332
22.44073024928042,114.02177741375885,6593333.333333333
22.440778600000044,114.16586380000001,6000000.0
22.44087919582188,114.16651543294529,6350000.0
22.440903318319897,114.17862569642188,31500000.0
22.4409479366945,114.01260078960016,7700000.0
22.44103743217806,114.00620396542027,22495000.0
22.44106430000005,114.16103500000008,13000000.0
22.441123364699656,114.1737117251287,7725000.0
22.441241055137425,114.00532976596435,12300000.0
22.441302210359765,114.0243964352801,6330000.0
22.441389180675912,114.18094543240477,19166666.666666668
22.44144821189053,114.17254745887442,12150833.333333334
22.44158770000007,114.02642330000003,5200000.0
22.441635200000064,114.03101290000006,5200000.0
22.4416625092,114.0736970091582,16880000.0
22.44169850000003,114.02938790000007,5500000.0
22.441881240464795,114.03707245036298,9247550.959183674
22.44195922674828,114.03390742885676,4780000.0
22.441962400000023,114.03391580000005,4500000.0
22.44197319479906,114.17503946093393,8600000.0
22.44197819481724,114.03470341075058,4700000.0
22.442030100000068,114.03159720000008,4300000.0
22.44204380000008,114.0297624000001,3390000.0
22.442048600000078,114.03197260000002,29200000.0
22.44205224008641,114.16146344257913,9619200.0
22.442170000000033,114.1672400000001,2770000.0
22.442367500000046,114.03377200000011,4005714.0
22.44243620000003,114.02625210000008,4014999.5
22.442438385712904,114.05418228321248,13000000.0
22.442475100000024,114.03255070000012,4380000.0
22.442522738532524,114.02661739527286,5715000.0
22.44252700000004,114.0315223,3280000.0
22.442572700000028,114.02696620000006,5500000.0
22.442606099159057,114.03490551852109,4476666.666666667
22.442666260318674,114.0175474643811,7664285.714285715
22.44269734435641,114.02923109650081,4980000.0
22.442728300000056,114.02801430000011,3800000.0
22.44273000000004,114.1673800000001,5600000.0
22.442972600000076,114.03136240000003,4033333.0
22.44298280000004,114.1732697000001,20300000.0
22.442983210470913,114.17325642745186,13860000.0
22.44310900000005,114.16748960000007,3900000.0
22.443181767192755,114.02385507631209,5100000.0
22.443227332094203,114.0339181243536,5840000.0
22.443336500000044,114.0280517000001,29800000.0
22.443850258623,114.16929344804464,9126666.333333334
22.443898339962544,114.05349771215276,55000000.0
22.443977344790333,114.02750606890709,4514000.0
22.443977344790333,114.0275779937915,4770000.0
22.444007300000067,114.03264710000008,5350000.0
22.444024300000024,114.03077500000006,5710000.0
22.444029100000023,114.03041380000002,6500000.0
22.44415010000006,114.0319472000001,3650000.0
22.444200600000045,114.03053140000009,4350000.0
22.444201400000054,114.03070080000009,5850000.0
22.444666499479055,114.01515561808606,11800000.0
22.444744239873046,114.0178124523444,6573333.333333333
22.444781719185364,114.05176798829596,20500000.0
22.44480640000006,114.02540940000006,3240000.0
22.444910700000037,114.02706780000005,3900000.0
22.444923404811377,114.01515503135283,44400000.0
22.444930400000032,114.02920670000003,4175000.0
22.444951400367984,114.02346317378033,6341111.111111111
22.444984700000077,114.03213790000007,4170000.0
22.44513063827776,114.0257321881362,8000000.0
22.445163232396283,114.0525944167922,14396666.666666666
22.44621818323145,114.03030843077283,8640000.0
22.446296360551514,114.02296269034173,6825000.0
22.446450378022362,114.02311431897016,6600000.0
22.446916900000076,114.1684964000001,6500000.0
22.446948234885554,114.17531645494091,5660000.0
22.447016200000064,114.02160070000002,4780000.0
22.447319100000072,114.16761000000008,3080000.0
22.447940000000074,114.00271000000009,4315000.0
22.44799850000004,114.15971130000003,8950000.0
22.44799919970626,114.15969846916266,9700000.0
22.448138225211665,114.16537146878647,7880000.0
22.44817770000003,114.16979820000006,8750000.0
22.448203241448027,114.00186143135545,4700000.0
22.448420919239368,114.02668224059005,8193870.9677419355
22.448715203309234,114.16437540716538,7180000.0
22.448988188301655,114.16375548091173,11200000.0
22.449266188312322,113.993452435785,8050000.0
22.449374246705133,114.03184446035698,14225000.0
22.44938030000003,114.16442840000002,4840000.0
22.449624395207323,114.16804639351,8500000.0
22.449707426916405,114.16746019137997,13390000.0
22.450681137792888,114.15856747168951,5990000.0
22.450811252929327,114.03268345640709,7365333.333333333
22.451027562715694,114.0532965543448,8348809.5
22.451233800000068,114.00081420000004,6136000.0
22.45141726413243,114.16998244154945,6374000.0
22.45160455414654,114.17484251302164,6050000.0
22.451870000000042,114.17473000000007,4750000.0
22.451904210902683,114.17552943271517,5850000.0
22.451976246164577,114.16115141844477,3700000.0
22.45201326729915,114.16423147764215,4950000.0
22.452269885452896,114.16423866710484,4900000.0
22.45234792511257,114.16686255545005,5165000.0
22.452521500000046,114.15738660000011,8199999.0
22.452590900000075,114.16671180000003,5335000.0
22.45259121440023,114.1666984666108,4600000.0
22.452690000000075,114.00219000000004,5575000.0
22.45275330000004,114.16488520000007,6080000.0
22.452794014459663,114.16749340692134,5601666.666666667
22.452908578522234,114.16749069845339,5280000.0
22.453014201938004,114.15568345956638,12470000.0
22.453078200170637,114.00075047031658,6677600.0
22.45316711799928,114.00243363129395,6351666.666666667
22.453415236395927,114.17332741670987,5883333.333333333
22.453461100000027,114.16485390000003,5200000.0
22.453533008450407,114.16711916426019,5200000.0
22.453547516663527,114.16695586321984,7075000.0
22.45370119043548,114.15447444017104,9800000.0
22.453725400000053,114.1649562,7680000.0
22.45394524932277,114.16147147460833,6974117.647058823
22.454239243391555,114.15995542109681,6800000.0
22.45490325680555,114.17399446113495,6985000.0
22.45511026555812,114.16690241835215,5942500.0
22.457232600000054,114.1765481000001,7866666.666666667
22.457440000000076,114.00570000000005,6247000.0
22.457522209326612,114.16625146598574,12000000.0
22.457530000000077,113.99917000000005,6322222.222222222
22.457558212457457,114.17037042695995,2617500.0
22.457648391117175,114.20786252906913,26740000.0
22.45915155972314,114.19881736589542,24940000.0
22.459285218735886,114.00099747321462,6435555.555555556
22.459303565537226,114.20526078632344,24093333.333333332
22.459782183542586,114.00140846770876,7517777.777777778
22.459850149443298,114.20535650765771,22800000.0
22.460191924697064,114.1520427203144,34800000.0
22.46024760099479,114.00668764537494,12016666.666666666
22.46024778593345,114.00668740269744,6246818.181818182
22.46037741306256,114.20487521877737,25933333.333333332
22.460428919857563,114.20488008028121,23800000.0
22.46046000000007,113.99963000000002,4880000.0
22.46049195176944,114.20515802419055,28000000.0
22.460510000000056,114.00458000000003,6098235.294117647
22.46055000000007,114.00466000000006,5950000.0
22.460608963137773,114.2059638603618,32080000.0
22.460627908637033,114.00608254822562,6143333.333333333
22.460705061657677,114.2053485448497,23240000.0
22.460750000000075,113.9974400000001,4280000.0
22.460814235946543,114.20523429950941,17880000.0
22.460908029443075,114.20576722091334,26525000.0
22.460924240694453,113.99988242016093,4880000.0
22.461108859843165,114.20540109938264,22800000.0
22.46112994032964,114.20536053097123,22400000.0
22.461150000000032,113.99754000000007,3500000.0
22.461288442118686,114.20541744409383,36000000.0
22.461538822885867,114.15247783756521,39000000.0
22.461590000000058,113.99913000000004,4750000.0
22.461979110940348,114.15159028682467,5443333.333333333
22.462121199372795,114.18857993793323,31000000.0
22.46231106551898,114.1922984627517,38800000.0
22.462409228301794,114.15226243164028,6180000.0
22.46283117330765,114.19507895326012,25090000.0
22.463066369510756,114.19615250741884,10000000.0
22.463453237888473,114.15614643324943,30133333.333333332
22.463512264130987,114.16107075867657,32500000.0
22.463631185535405,114.19634542639051,14516000.0
22.46390569138522,114.19560776753144,7850000.0
22.46436212792264,114.19554414888637,8700000.0
22.46446000000003,114.00097000000005,4280000.0
22.46467000000007,114.00047000000006,4350000.0
22.46485000000007,113.9999600000001,5100000.0
22.46488487809313,114.17967864179946,7745625.0
22.464980000000025,113.99950000000001,5180000.0
22.465617397825987,114.15261253610612,23800000.0
22.46582018749342,113.98229544822448,7590000.0
22.465825692036105,114.19371781600347,8380000.0
22.466077735864587,114.19312052158318,20525000.0
22.466186211824038,114.00396240499344,7076666.666666667
22.46850064322564,114.00140767696821,5140000.0
22.471151720951852,114.05383164717529,55000000.0
22.471624627929003,114.05221678970952,16800000.0
22.47289225720351,114.19505346169365,14633333.333333334
22.473674128983944,114.04525545148425,10980000.0
22.473932291601756,114.21453452399675,23000000.0
22.47492980000004,114.04804970000009,15000000.0
22.476089900000034,114.05022040000006,15600000.0
22.47750220000006,114.04443590000005,13600000.0
22.477568096832236,114.04955659440103,12500000.0
22.47763612888643,114.11523151868732,18650000.0
22.477814076690848,114.11314568208212,17000000.0
22.47804220485612,114.04883699742724,16200000.0
22.478517195652614,114.11268944826418,11000000.0
22.478620080500193,114.1154120648817,17500000.0
22.478863895655028,114.04564815107373,12980000.0
22.479273491762243,114.11467571468773,21250000.0
22.479282879493795,114.11264578537674,32000000.0
22.479693195927894,114.0625984291612,26800000.0
22.480368461683568,114.06359136759471,46000000.0
22.480371212494244,114.05851988870572,133000000.0
22.48037927433866,114.06351132041937,32799999.0
22.480590084504296,114.04728361064973,12000000.0
22.480975070032766,114.04338224979881,11850000.0
22.481150451340312,114.06356638952326,28000000.0
22.481328296110654,114.04227560985673,12500000.0
22.481456600000058,114.0427036000001,17500000.0
22.481495978797447,114.04237918082815,11600000.0
22.48164431307542,114.04884106202462,10930000.0
22.48193185426385,114.04459017982919,22180000.0
22.48219424974276,114.06034312865711,15400000.0
22.482296760418592,114.05529906696421,18800000.0
22.482837854178086,114.05896221010897,13000000.0
22.483106182335632,114.1402634125077,4550000.0
22.483595284858524,114.05284073858189,15500000.0
22.483967734726136,114.0525364754966,15000000.0
22.484253934810056,114.05483512862344,15310000.0
22.48462671995378,114.05676397218218,24800000.0
22.485025866182994,114.05504425710768,11500000.0
22.485031775424744,114.05255508332169,13760000.0
22.485035212005045,114.05681904128602,16500000.0
22.485046150388683,114.05260210579848,17000000.0
22.48518612817172,114.05690931438323,26000000.0
22.48541931271805,114.05694602711918,15500000.0
22.485448253850052,114.14130443829231,6825000.0
22.485647258574915,114.04366163259544,14950000.0
22.485766249006133,114.05694845962114,15545000.0
22.486075265129557,114.0555734746224,19500000.0
22.486136887448907,114.05706840290554,16300000.0
22.48658000000006,114.13908000000004,4980000.0
22.48658171505042,114.04491296692049,16000000.0
22.486800242765128,114.14409846244973,6704000.0
22.48680120000006,114.14411240000004,7600000.0
22.486925750266266,114.0533819580699,9224999.75
22.487001206495734,114.13961246914118,4900000.0
22.487114929820933,114.06118157043176,14000000.0
22.48718504444099,114.05334390422951,9900000.0
22.48753734122183,114.05325745985246,16500000.0
22.487603846233156,114.05562411716937,6666666.666666667
22.487642151530665,114.06073590463996,16300000.0
22.487662194898746,114.06084745179567,25166666.666666668
22.487722701620186,114.05713076426514,12900000.0
22.487724267124406,114.14113841168864,3180000.0
22.487928728800227,114.05009440800643,6050000.0
22.487966950278718,114.05715917891689,16370000.0
22.489221553546017,114.05047167746835,13300000.0
22.48999180000004,114.10196750000011,7987500.0
22.49085520850673,114.14105245937617,8000000.0
22.49091448843987,114.12293147022041,11000000.0
22.491850000000056,114.13425000000007,2800000.0
22.49233706504681,114.14538776229386,6068000.0
22.49240123812723,114.13949446071217,5300000.0
22.492737929566175,114.14574851940654,5336000.0
22.49401994165686,114.13191326620614,13800000.0
22.494093031852543,114.12983941572247,5380000.0
22.49481039088556,114.12661822690143,8700000.0
22.495289223626344,114.13327447809979,7766666.333333333
22.49579426146238,114.13190342511541,8000000.0
22.495882442451958,114.11172872135029,47533333.333333336
22.495934800000043,114.13078080000003,6800000.0
22.497698800870083,114.10314774797445,37933333.333333336
22.49775319942168,114.14262039314144,5600000.0
22.498260206427176,114.10994941630292,48000000.0
22.49865169753258,114.14031696232979,5950000.0
22.499431633623047,114.1135680461831,7595000.0
22.499675002181746,114.11316487664038,50000000.0
22.499734723241872,114.11356745944988,5678571.428571428
22.49980423204039,114.14482745409998,8320000.0
22.499866219265755,114.12822944675895,3600000.0
22.500959253239387,114.12973545223394,5400000.0
22.501090257715646,114.14608244366241,7066666.666666667
22.501203263126456,114.13162043508669,5763333.333333333
22.50128721343168,114.14087244472182,6250000.0
22.501531236318783,114.14298041038512,4250000.0
22.501590303533533,114.15110307391467,41362500.0
22.501606176591224,114.1452294475614,7790000.0
22.50164265395219,114.13473260315823,4200000.0
22.501709208965792,114.13236841880587,4750000.0
22.50173848787607,114.10484363279545,18000000.0
22.502082252321998,114.12489240762727,4505000.0
22.502657891215367,114.1292473550967,7200000.0
22.502703086313243,114.12435191718912,4274000.0
22.502752150356645,114.13375226962859,2900000.0
22.502788753482875,114.13449606585061,2000000.0
22.502843487310614,114.09604701869938,17000000.0
22.50353119258955,114.13541643488679,8632000.0
22.50489120453375,114.10429042072997,55500000.0
22.5049052435848,114.12876141069285,6280000.0
22.505091037223632,114.1278825591884,8180000.0
22.505536500000062,114.12712720000002,4700000.0
22.50799722882556,114.24645547756268,7676000.0
22.509255722400724,114.11911284561609,6180000.0
22.51488050000006,114.18429820000006,8318571.428571428
22.521406217721008,114.16604906980228,6550000.0
22.529553946612854,114.15908978158491,16500000.0
